timeStamp,elapsed,label,responseCode,responseMessage,threadName,dataType,success,failureMessage,bytes,sentBytes,grpThreads,allThreads,URL,Latency,IdleTime,Connect
1676368814825,1792,[HTTP Request] Search Product,200,OK,[Thread Group] 1st range 1-1,text,true,,3954057,181,1,1,http://159.65.135.45:8000/api/v1/search?offset=7616&limit=7956&isHiddenRequired=true,587,0,66
1676368816628,1882,[HTTP Request] Search Product,200,OK,[Thread Group] 1st range 1-1,text,true,,4622719,182,1,1,http://159.65.135.45:8000/api/v1/search?offset=16220&limit=9304&isHiddenRequired=true,638,0,35
1676368818511,1525,[HTTP Request] Search Product,200,OK,[Thread Group] 1st range 1-1,text,true,,2886009,182,2,2,http://159.65.135.45:8000/api/v1/search?offset=22045&limit=5825&isHiddenRequired=true,555,0,34
1676368818883,1811,[HTTP Request] Search Product,200,OK,[Thread Group] 1st range 1-2,text,true,,3900287,182,2,2,http://159.65.135.45:8000/api/v1/search?offset=36410&limit=7852&isHiddenRequired=true,656,0,36
1676368820696,1401,[HTTP Request] Search Product,200,OK,[Thread Group] 1st range 1-2,text,true,,3058741,182,2,2,http://159.65.135.45:8000/api/v1/search?offset=19992&limit=6161&isHiddenRequired=true,551,0,33
1676368820037,2118,[HTTP Request] Search Product,200,OK,[Thread Group] 1st range 1-1,text,true,,3938761,182,2,2,http://159.65.135.45:8000/api/v1/search?offset=12090&limit=7929&isHiddenRequired=true,572,0,32
1676368822156,1505,[HTTP Request] Search Product,200,OK,[Thread Group] 1st range 1-1,text,true,,3377145,182,3,3,http://159.65.135.45:8000/api/v1/search?offset=10127&limit=6796&isHiddenRequired=true,520,0,31
1676368822097,1690,[HTTP Request] Search Product,200,OK,[Thread Group] 1st range 1-2,text,true,,3475233,182,3,3,http://159.65.135.45:8000/api/v1/search?offset=13466&limit=6993&isHiddenRequired=true,554,0,34
1676368823166,1459,[HTTP Request] Search Product,200,OK,[Thread Group] 1st range 1-3,text,true,,3321091,181,3,3,http://159.65.135.45:8000/api/v1/search?offset=5980&limit=6677&isHiddenRequired=true,552,0,33
1676368823787,1263,[HTTP Request] Search Product,200,OK,[Thread Group] 1st range 1-2,text,true,,2961722,181,3,3,http://159.65.135.45:8000/api/v1/search?offset=8043&limit=5957&isHiddenRequired=true,524,0,35
1676368823662,1522,[HTTP Request] Search Product,200,OK,[Thread Group] 1st range 1-1,text,true,,4099372,181,3,3,http://159.65.135.45:8000/api/v1/search?offset=3011&limit=8242&isHiddenRequired=true,531,0,32
1676368825050,1754,[HTTP Request] Search Product,200,OK,[Thread Group] 1st range 1-2,text,true,,4039188,182,3,3,http://159.65.135.45:8000/api/v1/search?offset=15884&limit=8128&isHiddenRequired=true,550,0,34
1676368825184,1717,[HTTP Request] Search Product,200,OK,[Thread Group] 1st range 1-1,text,true,,4766463,182,3,3,http://159.65.135.45:8000/api/v1/search?offset=18248&limit=9607&isHiddenRequired=true,590,0,32
1676368824626,2574,[HTTP Request] Search Product,200,OK,[Thread Group] 1st range 1-3,text,true,,4872023,182,3,3,http://159.65.135.45:8000/api/v1/search?offset=36280&limit=9816&isHiddenRequired=true,610,0,33
1676368826902,1376,[HTTP Request] Search Product,200,OK,[Thread Group] 1st range 1-1,text,true,,2645330,182,4,4,http://159.65.135.45:8000/api/v1/search?offset=14100&limit=5321&isHiddenRequired=true,509,0,34
1676368827457,1663,[HTTP Request] Search Product,200,OK,[Thread Group] 1st range 1-4,text,true,,3936749,181,3,3,http://159.65.135.45:8000/api/v1/search?offset=6822&limit=7920&isHiddenRequired=true,480,0,35
1676368827201,2000,[HTTP Request] Search Product,200,OK,[Thread Group] 1st range 1-3,text,true,,3817312,181,3,3,http://159.65.135.45:8000/api/v1/search?offset=8984&limit=7683&isHiddenRequired=true,569,0,32
1676368826804,3628,[HTTP Request] Search Product,200,OK,[Thread Group] 1st range 1-2,text,true,,3514946,182,3,3,http://159.65.135.45:8000/api/v1/search?offset=33189&limit=7083&isHiddenRequired=true,684,0,35
1676368829201,1675,[HTTP Request] Search Product,200,OK,[Thread Group] 1st range 1-3,text,true,,3533522,182,3,3,http://159.65.135.45:8000/api/v1/search?offset=26344&limit=7123&isHiddenRequired=true,583,0,42
1676368829121,2557,[HTTP Request] Search Product,200,OK,[Thread Group] 1st range 1-4,text,true,,3941699,182,3,3,http://159.65.135.45:8000/api/v1/search?offset=38110&limit=7939&isHiddenRequired=true,671,0,33
1676368830437,1553,[HTTP Request] Search Product,200,OK,[Thread Group] 1st range 1-2,text,true,,3010202,182,4,4,http://159.65.135.45:8000/api/v1/search?offset=39083&limit=6061&isHiddenRequired=true,618,0,32
1676368830876,1975,[HTTP Request] Search Product,200,OK,[Thread Group] 1st range 1-3,text,true,,4943873,182,4,4,http://159.65.135.45:8000/api/v1/search?offset=34079&limit=9957&isHiddenRequired=true,710,0,35
1676368831740,1419,[HTTP Request] Search Product,200,OK,[Thread Group] 1st range 1-5,text,true,,4334983,182,4,4,http://159.65.135.45:8000/api/v1/search?offset=10062&limit=8722&isHiddenRequired=true,532,0,32
1676368831678,1683,[HTTP Request] Search Product,200,OK,[Thread Group] 1st range 1-4,text,true,,3012806,182,4,4,http://159.65.135.45:8000/api/v1/search?offset=29590&limit=6068&isHiddenRequired=true,652,0,34
1676368831990,2400,[HTTP Request] Search Product,200,OK,[Thread Group] 1st range 1-2,text,true,,4367821,182,4,4,http://159.65.135.45:8000/api/v1/search?offset=21456&limit=8811&isHiddenRequired=true,704,0,33
1676368832852,2944,[HTTP Request] Search Product,200,OK,[Thread Group] 1st range 1-3,text,true,,4417550,182,3,3,http://159.65.135.45:8000/api/v1/search?offset=30663&limit=8899&isHiddenRequired=true,1596,0,1040
1676368833361,2705,[HTTP Request] Search Product,200,OK,[Thread Group] 1st range 1-4,text,true,,4329171,182,4,4,http://159.65.135.45:8000/api/v1/search?offset=13016&limit=8715&isHiddenRequired=true,538,0,33
1676368833160,2971,[HTTP Request] Search Product,200,OK,[Thread Group] 1st range 1-5,text,true,,3883093,182,4,4,http://159.65.135.45:8000/api/v1/search?offset=36425&limit=7817&isHiddenRequired=true,656,0,37
1676368835795,1580,[HTTP Request] Search Product,200,OK,[Thread Group] 1st range 1-3,text,true,,4965132,181,4,4,http://159.65.135.45:8000/api/v1/search?offset=3517&limit=9983&isHiddenRequired=true,543,0,33
1676368836025,1832,[HTTP Request] Search Product,200,OK,[Thread Group] 1st range 1-6,text,true,,3217230,182,4,4,http://159.65.135.45:8000/api/v1/search?offset=20323&limit=6488&isHiddenRequired=true,714,0,33
1676368836131,1821,[HTTP Request] Search Product,200,OK,[Thread Group] 1st range 1-5,text,true,,3568265,181,4,4,http://159.65.135.45:8000/api/v1/search?offset=1828&limit=7172&isHiddenRequired=true,790,0,42
1676368837376,752,[HTTP Request] Search Product,200,OK,[Thread Group] 1st range 1-3,text,true,,2638019,180,4,4,http://159.65.135.45:8000/api/v1/search?offset=385&limit=5303&isHiddenRequired=true,331,0,32
1676368836066,2965,[HTTP Request] Search Product,200,OK,[Thread Group] 1st range 1-4,text,true,,2946970,182,3,3,http://159.65.135.45:8000/api/v1/search?offset=33809&limit=5940&isHiddenRequired=true,738,0,31
1676368837858,1608,[HTTP Request] Search Product,200,OK,[Thread Group] 1st range 1-6,text,true,,2889443,181,3,3,http://159.65.135.45:8000/api/v1/search?offset=9296&limit=5817&isHiddenRequired=true,546,0,34
1676368837953,1848,[HTTP Request] Search Product,200,OK,[Thread Group] 1st range 1-5,text,true,,3386644,181,3,3,http://159.65.135.45:8000/api/v1/search?offset=7034&limit=6810&isHiddenRequired=true,490,0,33
1676368839032,1379,[HTTP Request] Search Product,200,OK,[Thread Group] 1st range 1-4,text,true,,3082974,182,4,4,http://159.65.135.45:8000/api/v1/search?offset=28471&limit=6209&isHiddenRequired=true,558,0,33
1676368839467,1789,[HTTP Request] Search Product,200,OK,[Thread Group] 1st range 1-6,text,true,,4703326,182,4,4,http://159.65.135.45:8000/api/v1/search?offset=29194&limit=9479&isHiddenRequired=true,653,0,34
1676368840413,1328,[HTTP Request] Search Product,200,OK,[Thread Group] 1st range 1-4,text,true,,3794270,182,4,4,http://159.65.135.45:8000/api/v1/search?offset=31673&limit=7643&isHiddenRequired=true,662,0,32
1676368839802,2032,[HTTP Request] Search Product,200,OK,[Thread Group] 1st range 1-5,text,true,,4072249,182,4,4,http://159.65.135.45:8000/api/v1/search?offset=12783&limit=8195&isHiddenRequired=true,560,0,33
1676368840310,2829,[HTTP Request] Search Product,200,OK,[Thread Group] 1st range 1-7,text,true,,4028628,182,4,4,http://159.65.135.45:8000/api/v1/search?offset=30454&limit=8118&isHiddenRequired=true,691,0,34
1676368841258,1943,[HTTP Request] Search Product,200,OK,[Thread Group] 1st range 1-6,text,true,,3559570,181,4,4,http://159.65.135.45:8000/api/v1/search?offset=6310&limit=7156&isHiddenRequired=true,490,0,40
1676368841742,1807,[HTTP Request] Search Product,200,OK,[Thread Group] 1st range 1-4,text,true,,3379967,182,4,4,http://159.65.135.45:8000/api/v1/search?offset=19551&limit=6810&isHiddenRequired=true,525,0,37
1676368841835,1787,[HTTP Request] Search Product,200,OK,[Thread Group] 1st range 1-5,text,true,,2837648,181,3,3,http://159.65.135.45:8000/api/v1/search?offset=2714&limit=5707&isHiddenRequired=true,738,0,33
1676368843202,2052,[HTTP Request] Search Product,200,OK,[Thread Group] 1st range 1-6,text,true,,4770527,182,4,4,http://159.65.135.45:8000/api/v1/search?offset=31692&limit=9610&isHiddenRequired=true,659,0,33
1676368845254,1198,[HTTP Request] Search Product,200,OK,[Thread Group] 1st range 1-6,text,true,,2913947,182,4,4,http://159.65.135.45:8000/api/v1/search?offset=14475&limit=5858&isHiddenRequired=true,488,0,33
1676368843140,3362,[HTTP Request] Search Product,200,OK,[Thread Group] 1st range 1-7,text,true,,4572297,182,4,4,http://159.65.135.45:8000/api/v1/search?offset=31138&limit=9209&isHiddenRequired=true,691,0,32
1676368844596,2083,[HTTP Request] Search Product,200,OK,[Thread Group] 1st range 1-8,text,true,,4668841,182,4,4,http://159.65.135.45:8000/api/v1/search?offset=29582&limit=9408&isHiddenRequired=true,704,0,36
1676368843623,3065,[HTTP Request] Search Product,200,OK,[Thread Group] 1st range 1-5,text,true,,4717776,182,4,4,http://159.65.135.45:8000/api/v1/search?offset=21201&limit=9515&isHiddenRequired=true,710,0,33
1676368846502,2016,[HTTP Request] Search Product,200,OK,[Thread Group] 1st range 1-7,text,true,,4293720,181,4,4,http://159.65.135.45:8000/api/v1/search?offset=4489&limit=8633&isHiddenRequired=true,620,0,34
1676368846453,2292,[HTTP Request] Search Product,200,OK,[Thread Group] 1st range 1-6,text,true,,4649469,182,4,4,http://159.65.135.45:8000/api/v1/search?offset=26169&limit=9374&isHiddenRequired=true,748,0,32
1676368848520,1423,[HTTP Request] Search Product,200,OK,[Thread Group] 1st range 1-7,text,true,,3094732,182,5,5,http://159.65.135.45:8000/api/v1/search?offset=17280&limit=6225&isHiddenRequired=true,510,0,36
1676368848886,1252,[HTTP Request] Search Product,200,OK,[Thread Group] 1st range 1-9,text,true,,3497547,182,5,5,http://159.65.135.45:8000/api/v1/search?offset=36453&limit=7042&isHiddenRequired=true,702,0,33
1676368848746,2098,[HTTP Request] Search Product,200,OK,[Thread Group] 1st range 1-6,text,true,,4927122,182,5,5,http://159.65.135.45:8000/api/v1/search?offset=15713&limit=9917&isHiddenRequired=true,602,0,34
1676368846689,4185,[HTTP Request] Search Product,200,OK,[Thread Group] 1st range 1-5,text,true,,3605517,182,4,4,http://159.65.135.45:8000/api/v1/search?offset=23682&limit=7274&isHiddenRequired=true,828,0,33
1676368846679,4343,[HTTP Request] Search Product,200,OK,[Thread Group] 1st range 1-8,text,true,,2689856,182,3,3,http://159.65.135.45:8000/api/v1/search?offset=19106&limit=5413&isHiddenRequired=true,677,0,33
1676368849943,1683,[HTTP Request] Search Product,200,OK,[Thread Group] 1st range 1-7,text,true,,2901115,181,3,3,http://159.65.135.45:8000/api/v1/search?offset=2302&limit=5834&isHiddenRequired=true,721,0,34
1676368850139,1748,[HTTP Request] Search Product,200,OK,[Thread Group] 1st range 1-9,text,true,,3798115,181,3,3,http://159.65.135.45:8000/api/v1/search?offset=4277&limit=7633&isHiddenRequired=true,528,0,32
1676368851022,2250,[HTTP Request] Search Product,200,OK,[Thread Group] 1st range 1-8,text,true,,4794660,181,4,4,http://159.65.135.45:8000/api/v1/search?offset=9381&limit=9648&isHiddenRequired=true,541,0,33
1676368851627,1936,[HTTP Request] Search Product,200,OK,[Thread Group] 1st range 1-7,text,true,,4649003,182,4,4,http://159.65.135.45:8000/api/v1/search?offset=15058&limit=9354&isHiddenRequired=true,551,0,32
1676368851887,2248,[HTTP Request] Search Product,200,OK,[Thread Group] 1st range 1-9,text,true,,4186830,181,4,4,http://159.65.135.45:8000/api/v1/search?offset=9957&limit=8424&isHiddenRequired=true,528,0,33
1676368853167,1239,[HTTP Request] Search Product,200,OK,[Thread Group] 1st range 1-10,text,true,,3224080,182,4,4,http://159.65.135.45:8000/api/v1/search?offset=32816&limit=6496&isHiddenRequired=true,655,0,36
1676368853564,1455,[HTTP Request] Search Product,200,OK,[Thread Group] 1st range 1-7,text,true,,2536397,182,4,4,http://159.65.135.45:8000/api/v1/search?offset=24924&limit=5124&isHiddenRequired=true,621,0,35
1676368853273,1816,[HTTP Request] Search Product,200,OK,[Thread Group] 1st range 1-8,text,true,,4423063,182,4,4,http://159.65.135.45:8000/api/v1/search?offset=10189&limit=8900&isHiddenRequired=true,567,0,35
1676368854407,1580,[HTTP Request] Search Product,200,OK,[Thread Group] 1st range 1-10,text,true,,3050186,182,4,4,http://159.65.135.45:8000/api/v1/search?offset=34732&limit=6146&isHiddenRequired=true,616,0,35
1676368854135,2126,[HTTP Request] Search Product,200,OK,[Thread Group] 1st range 1-9,text,true,,4634281,182,4,4,http://159.65.135.45:8000/api/v1/search?offset=29217&limit=9340&isHiddenRequired=true,660,0,32
1676368855088,1908,[HTTP Request] Search Product,200,OK,[Thread Group] 1st range 1-8,text,true,,2752867,182,4,4,http://159.65.135.45:8000/api/v1/search?offset=16474&limit=5536&isHiddenRequired=true,551,0,33
1676368855019,2656,[HTTP Request] Search Product,200,OK,[Thread Group] 1st range 1-7,text,true,,3970686,181,5,5,http://159.65.135.45:8000/api/v1/search?offset=6246&limit=7988&isHiddenRequired=true,514,0,35
1676368855986,1878,[HTTP Request] Search Product,200,OK,[Thread Group] 1st range 1-10,text,true,,4473956,182,4,4,http://159.65.135.45:8000/api/v1/search?offset=32467&limit=9010&isHiddenRequired=true,657,0,32
1676368856261,2650,[HTTP Request] Search Product,200,OK,[Thread Group] 1st range 1-9,text,true,,4846645,182,4,4,http://159.65.135.45:8000/api/v1/search?offset=12021&limit=9757&isHiddenRequired=true,624,0,33
1676368856997,1990,[HTTP Request] Search Product,200,OK,[Thread Group] 1st range 1-8,text,true,,4965994,182,4,4,http://159.65.135.45:8000/api/v1/search?offset=15009&limit=9992&isHiddenRequired=true,628,0,34
1676368857450,2140,[HTTP Request] Search Product,200,OK,[Thread Group] 1st range 1-11,text,true,,4516949,182,4,4,http://159.65.135.45:8000/api/v1/search?offset=12858&limit=9091&isHiddenRequired=true,581,0,34
1676368857864,2080,[HTTP Request] Search Product,200,OK,[Thread Group] 1st range 1-10,text,true,,2893872,182,4,4,http://159.65.135.45:8000/api/v1/search?offset=28973&limit=5828&isHiddenRequired=true,591,0,35
1676368858911,1367,[HTTP Request] Search Product,200,OK,[Thread Group] 1st range 1-9,text,true,,3019627,182,4,4,http://159.65.135.45:8000/api/v1/search?offset=11803&limit=6082&isHiddenRequired=true,518,0,33
1676368858987,2008,[HTTP Request] Search Product,200,OK,[Thread Group] 1st range 1-8,text,true,,4293472,182,4,4,http://159.65.135.45:8000/api/v1/search?offset=16805&limit=8644&isHiddenRequired=true,610,0,42
1676368859591,2113,[HTTP Request] Search Product,200,OK,[Thread Group] 1st range 1-11,text,true,,4186148,182,4,4,http://159.65.135.45:8000/api/v1/search?offset=32129&limit=8430&isHiddenRequired=true,609,0,31
1676368860283,1651,[HTTP Request] Search Product,200,OK,[Thread Group] 1st range 1-9,text,true,,3915584,182,5,5,http://159.65.135.45:8000/api/v1/search?offset=11239&limit=7882&isHiddenRequired=true,549,0,34
1676368860996,1464,[HTTP Request] Search Product,200,OK,[Thread Group] 1st range 1-8,text,true,,3793600,182,5,5,http://159.65.135.45:8000/api/v1/search?offset=18481&limit=7638&isHiddenRequired=true,690,0,34
1676368861705,1286,[HTTP Request] Search Product,200,OK,[Thread Group] 1st range 1-11,text,true,,3378496,182,4,4,http://159.65.135.45:8000/api/v1/search?offset=36306&limit=6801&isHiddenRequired=true,700,0,36
1676368859945,4176,[HTTP Request] Search Product,200,OK,[Thread Group] 1st range 1-10,text,true,,3117923,182,4,4,http://159.65.135.45:8000/api/v1/search?offset=21806&limit=6290&isHiddenRequired=true,661,0,33
1676368861736,2789,[HTTP Request] Search Product,200,OK,[Thread Group] 1st range 1-12,text,true,,4936812,182,4,4,http://159.65.135.45:8000/api/v1/search?offset=16957&limit=9944&isHiddenRequired=true,709,0,33
1676368862991,1791,[HTTP Request] Search Product,200,OK,[Thread Group] 1st range 1-11,text,true,,4731024,182,4,4,http://159.65.135.45:8000/api/v1/search?offset=14209&limit=9519&isHiddenRequired=true,525,0,36
1676368864122,1631,[HTTP Request] Search Product,200,OK,[Thread Group] 1st range 1-10,text,true,,2881344,182,4,4,http://159.65.135.45:8000/api/v1/search?offset=27832&limit=5800&isHiddenRequired=true,626,0,33
1676368864781,1560,[HTTP Request] Search Product,200,OK,[Thread Group] 1st range 1-11,text,true,,3380561,181,5,5,http://159.65.135.45:8000/api/v1/search?offset=7749&limit=6803&isHiddenRequired=true,525,0,33
1676368864525,2269,[HTTP Request] Search Product,200,OK,[Thread Group] 1st range 1-12,text,true,,3720100,182,5,5,http://159.65.135.45:8000/api/v1/search?offset=32633&limit=7494&isHiddenRequired=true,683,0,33
1676368865752,1736,[HTTP Request] Search Product,200,OK,[Thread Group] 1st range 1-10,text,true,,2910577,182,5,5,http://159.65.135.45:8000/api/v1/search?offset=22022&limit=5874&isHiddenRequired=true,581,0,34
1676368866341,1657,[HTTP Request] Search Product,200,OK,[Thread Group] 1st range 1-11,text,true,,3436812,182,5,5,http://159.65.135.45:8000/api/v1/search?offset=33232&limit=6926&isHiddenRequired=true,699,0,34
1676368866020,2652,[HTTP Request] Search Product,200,OK,[Thread Group] 1st range 1-13,text,true,,4682393,182,5,5,http://159.65.135.45:8000/api/v1/search?offset=15180&limit=9421&isHiddenRequired=true,619,0,34
1676368867489,1430,[HTTP Request] Search Product,200,OK,[Thread Group] 1st range 1-10,text,true,,4830644,182,5,5,http://159.65.135.45:8000/api/v1/search?offset=31761&limit=9730&isHiddenRequired=true,662,0,33
1676368867998,1470,[HTTP Request] Search Product,200,OK,[Thread Group] 1st range 1-11,text,true,,4543842,181,4,4,http://159.65.135.45:8000/api/v1/search?offset=5118&limit=9141&isHiddenRequired=true,595,0,37
1676368866793,2800,[HTTP Request] Search Product,200,OK,[Thread Group] 1st range 1-12,text,true,,3219740,182,4,4,http://159.65.135.45:8000/api/v1/search?offset=35720&limit=6485&isHiddenRequired=true,747,0,32
1676368868672,1628,[HTTP Request] Search Product,200,OK,[Thread Group] 1st range 1-13,text,true,,3465250,182,4,4,http://159.65.135.45:8000/api/v1/search?offset=30294&limit=6981&isHiddenRequired=true,633,0,33
1676368869593,1302,[HTTP Request] Search Product,200,OK,[Thread Group] 1st range 1-12,text,true,,2578059,181,5,5,http://159.65.135.45:8000/api/v1/search?offset=3393&limit=5184&isHiddenRequired=true,738,0,32
1676368869468,1880,[HTTP Request] Search Product,200,OK,[Thread Group] 1st range 1-11,text,true,,4550800,182,5,5,http://159.65.135.45:8000/api/v1/search?offset=23365&limit=9181&isHiddenRequired=true,689,0,33
1676368870302,1452,[HTTP Request] Search Product,200,OK,[Thread Group] 1st range 1-13,text,true,,3075740,182,4,4,http://159.65.135.45:8000/api/v1/search?offset=30025&limit=6192&isHiddenRequired=true,604,0,33
1676368870305,1693,[HTTP Request] Search Product,200,OK,[Thread Group] 1st range 1-14,text,true,,3710526,182,4,4,http://159.65.135.45:8000/api/v1/search?offset=16718&limit=7467&isHiddenRequired=true,559,0,31
1676368870897,1649,[HTTP Request] Search Product,200,OK,[Thread Group] 1st range 1-12,text,true,,3122757,182,4,4,http://159.65.135.45:8000/api/v1/search?offset=19438&limit=6288&isHiddenRequired=true,660,0,33
1676368871998,1289,[HTTP Request] Search Product,200,OK,[Thread Group] 1st range 1-14,text,true,,2670666,181,4,4,http://159.65.135.45:8000/api/v1/search?offset=6977&limit=5365&isHiddenRequired=true,528,0,33
1676368871754,1620,[HTTP Request] Search Product,200,OK,[Thread Group] 1st range 1-13,text,true,,3936645,182,4,4,http://159.65.135.45:8000/api/v1/search?offset=22245&limit=7945&isHiddenRequired=true,623,0,34
1676368872546,1816,[HTTP Request] Search Product,200,OK,[Thread Group] 1st range 1-12,text,true,,4334157,181,4,4,http://159.65.135.45:8000/api/v1/search?offset=9563&limit=8722&isHiddenRequired=true,512,0,33
1676368873288,1579,[HTTP Request] Search Product,200,OK,[Thread Group] 1st range 1-14,text,true,,4292021,181,5,5,http://159.65.135.45:8000/api/v1/search?offset=4741&limit=8630&isHiddenRequired=true,531,0,33
1676368873375,1528,[HTTP Request] Search Product,200,OK,[Thread Group] 1st range 1-13,text,true,,2520421,182,5,5,http://159.65.135.45:8000/api/v1/search?offset=33562&limit=5084&isHiddenRequired=true,608,0,33
1676368874592,1951,[HTTP Request] Search Product,200,OK,[Thread Group] 1st range 1-15,text,true,,3654770,182,5,5,http://159.65.135.45:8000/api/v1/search?offset=32290&limit=7361&isHiddenRequired=true,684,0,35
1676368874904,1681,[HTTP Request] Search Product,200,OK,[Thread Group] 1st range 1-13,text,true,,2612042,181,5,5,http://159.65.135.45:8000/api/v1/search?offset=2216&limit=5253&isHiddenRequired=true,606,0,32
1676368874868,2356,[HTTP Request] Search Product,200,OK,[Thread Group] 1st range 1-14,text,true,,4335011,182,5,5,http://159.65.135.45:8000/api/v1/search?offset=10545&limit=8722&isHiddenRequired=true,641,0,32
1676368874362,3186,[HTTP Request] Search Product,200,OK,[Thread Group] 1st range 1-12,text,true,,4176085,181,5,5,http://159.65.135.45:8000/api/v1/search?offset=1262&limit=8394&isHiddenRequired=true,790,0,33
1676368876543,1935,[HTTP Request] Search Product,200,OK,[Thread Group] 1st range 1-15,text,true,,3429893,182,5,5,http://159.65.135.45:8000/api/v1/search?offset=34433&limit=6910&isHiddenRequired=true,680,0,33
1676368876585,1956,[HTTP Request] Search Product,200,OK,[Thread Group] 1st range 1-13,text,true,,3675253,182,5,5,http://159.65.135.45:8000/api/v1/search?offset=24884&limit=7416&isHiddenRequired=true,644,0,34
1676368877549,1300,[HTTP Request] Search Product,200,OK,[Thread Group] 1st range 1-12,text,true,,2634659,182,5,5,http://159.65.135.45:8000/api/v1/search?offset=30441&limit=5305&isHiddenRequired=true,599,0,34
1676368877225,1825,[HTTP Request] Search Product,200,OK,[Thread Group] 1st range 1-14,text,true,,4355719,182,4,4,http://159.65.135.45:8000/api/v1/search?offset=13894&limit=8763&isHiddenRequired=true,560,0,32
1676368878541,1698,[HTTP Request] Search Product,200,OK,[Thread Group] 1st range 1-13,text,true,,3897724,182,4,4,http://159.65.135.45:8000/api/v1/search?offset=27180&limit=7854&isHiddenRequired=true,698,0,33
1676368879051,1999,[HTTP Request] Search Product,200,OK,[Thread Group] 1st range 1-14,text,true,,4493328,182,3,3,http://159.65.135.45:8000/api/v1/search?offset=17760&limit=9052&isHiddenRequired=true,697,0,33
1676368878478,2752,[HTTP Request] Search Product,200,OK,[Thread Group] 1st range 1-15,text,true,,4862057,182,3,3,http://159.65.135.45:8000/api/v1/search?offset=21375&limit=9805&isHiddenRequired=true,644,0,34
1676368881050,1570,[HTTP Request] Search Product,200,OK,[Thread Group] 1st range 1-14,text,true,,2774098,182,3,3,http://159.65.135.45:8000/api/v1/search?offset=29704&limit=5588&isHiddenRequired=true,630,0,33
1676368881230,1748,[HTTP Request] Search Product,200,OK,[Thread Group] 1st range 1-15,text,true,,3201436,182,3,3,http://159.65.135.45:8000/api/v1/search?offset=35981&limit=6447&isHiddenRequired=true,735,0,33
1676368882621,1546,[HTTP Request] Search Product,200,OK,[Thread Group] 1st range 1-14,text,true,,3085163,182,3,3,http://159.65.135.45:8000/api/v1/search?offset=20199&limit=6217&isHiddenRequired=true,510,0,33
1676368882979,1444,[HTTP Request] Search Product,200,OK,[Thread Group] 1st range 1-15,text,true,,2942653,181,2,2,http://159.65.135.45:8000/api/v1/search?offset=2216&limit=5918&isHiddenRequired=true,683,0,33
1676368884423,1549,[HTTP Request] Search Product,200,OK,[Thread Group] 1st range 1-15,text,true,,4229242,181,2,2,http://159.65.135.45:8000/api/v1/search?offset=4564&limit=8503&isHiddenRequired=true,511,0,32
1676368885973,1695,[HTTP Request] Search Product,200,OK,[Thread Group] 1st range 1-15,text,true,,3327581,182,2,2,http://159.65.135.45:8000/api/v1/search?offset=29013&limit=6702&isHiddenRequired=true,591,0,33
1676368887669,1447,[HTTP Request] Search Product,200,OK,[Thread Group] 1st range 1-15,text,true,,2782521,182,2,2,http://159.65.135.45:8000/api/v1/search?offset=22030&limit=5613&isHiddenRequired=true,515,0,33
