description,quantity,price,status
Zboncak Ward,26,811,Hidden
Herzog Mosciski,21,877,Shown
Walker Schmeler and Shields,23,756,Shown
Trantow Group,29,190,Shown
Jacobs Sipes,71,1341,Shown
Grant LLC,1,580,Hidden
Watsica Murazik,69,1254,Shown
Bernhard Inc,63,836,Shown
Cummings Roob and Hackett,62,1092,Shown
Reichel Abernathy and Beer,47,186,Shown
Runolfsson MacGyver and Weber,92,64,Shown
Heller Hoeger,66,105,Shown
Murphy Renner and Collins,72,1364,Shown
Rohan VonRueden,41,915,Hidden
Ferry White,5,1208,Hidden
Bartoletti and Sons,88,951,Shown
Maggio Inc,60,654,Hidden
Barton and Sons,29,636,Hidden
Runte Group,1,423,Hidden
Abbott Murazik,42,172,Shown
Fritsch Group,52,339,Hidden
Wuckert Inc,90,500,Hidden
Thompson LLC,12,549,Shown
King Skiles and Walsh,50,1424,Shown
Dach Weber and Walsh,42,1091,Shown
Weber and Sons,17,850,Hidden
Mann Inc,66,188,Shown
Gerlach Pacocha,24,1178,Hidden
Bogisich Rutherford,13,96,Shown
Koepp Larkin,55,159,Hidden
Effertz Schuppe,44,600,Hidden
Johns LLC,40,772,Hidden
Schamberger Group,61,292,Hidden
Kihn Bergstrom,78,820,Hidden
Powlowski Reinger and Stokes,36,1240,Shown
Champlin Block and Hickle,98,600,Hidden
Bins Group,51,1412,Shown
Kihn Stracke and Yundt,20,1003,Hidden
Marquardt Bode and Abernathy,49,54,Hidden
Wilkinson Hagenes,40,1438,Hidden
Greenfelder Thompson and Schmitt,87,689,Hidden
Kunze Haag,74,1132,Hidden
Will LLC,78,302,Shown
Kuhlman Lemke and Bins,56,423,Hidden
Walter Romaguera and Witting,3,1301,Shown
Wilkinson LLC,40,507,Shown
Cronin and Sons,70,236,Shown
Barton Morar,57,588,Hidden
Mosciski LLC,76,738,Shown
Lueilwitz LLC,41,389,Shown
Robel Inc,93,673,Hidden
Shields Larson and Toy,25,1224,Shown
Boyle Ebert,78,1303,Hidden
Smith Konopelski,7,944,Shown
Gaylord Group,2,1089,Shown
Nolan LLC,79,928,Hidden
Wehner LLC,86,914,Shown
Franecki Gaylord and Crist,9,1001,Hidden
Barrows Inc,51,1407,Shown
Kovacek Quitzon and Feil,84,1042,Shown
Ledner Christiansen,77,1106,Hidden
Farrell Osinski and Mills,79,1148,Shown
Larkin and Sons,34,801,Shown
Gulgowski Witting,78,1086,Shown
Braun O'Hara,77,551,Hidden
Abshire Erdman,85,252,Hidden
Corkery Group,4,27,Hidden
Boyle Thiel,52,1303,Shown
Lockman Schuppe and Labadie,69,495,Hidden
Ziemann Group,15,1466,Shown
McDermott LLC,40,1203,Shown
Feeney Beer and Ortiz,89,1082,Shown
Lubowitz White,79,207,Hidden
Howell and Sons,37,113,Shown
Hermiston Lubowitz and Marvin,56,287,Shown
McGlynn Bahringer and Walter,66,1453,Hidden
McLaughlin Inc,9,435,Shown
Steuber McCullough and Rath,35,326,Shown
Stanton Spencer,95,1394,Hidden
Okuneva Daniel and Crona,6,1162,Shown
Daugherty Inc,66,223,Shown
Cummerata LLC,83,996,Shown
Donnelly and Sons,84,864,Hidden
Rolfson Lesch and Stokes,69,69,Shown
Lesch Barton,64,1033,Shown
Bashirian Padberg,16,144,Shown
Kunde Inc,39,534,Shown
O'Hara Zulauf and Morar,96,822,Shown
Fadel Padberg,27,1206,Shown
Williamson Mueller and Will,32,1454,Shown
Kutch Inc,48,797,Shown
Considine Greenholt,46,1147,Hidden
Smith and Sons,47,967,Shown
Stanton Frami,16,1498,Hidden
Flatley and Sons,21,250,Shown
Hayes Satterfield,70,898,Hidden
Ryan LLC,98,1330,Shown
O'Kon Group,79,1315,Hidden
Paucek Bechtelar,33,633,Hidden
Brekke Walker,79,1071,Shown
Auer Okuneva and Schuster,98,997,Shown
Will Mohr,41,237,Shown
Zemlak Group,98,888,Hidden
Feil Stiedemann and Bayer,63,755,Shown
Greenfelder Group,85,1256,Hidden
DuBuque and Sons,76,992,Shown
Bartell Group,79,341,Hidden
Mills Durgan and Kuhn,18,1282,Shown
Herzog Wiza,26,1229,Shown
Reichert Schmitt and Walsh,97,1108,Hidden
Lubowitz Hamill,2,239,Hidden
Larkin Pollich and Kuhn,80,1427,Hidden
Runolfsdottir Douglas,84,957,Hidden
Bashirian O'Reilly,90,1270,Shown
Turcotte Gutkowski,76,806,Shown
Bayer Crona and Kozey,43,1179,Hidden
Pollich Inc,14,398,Hidden
Rohan Sanford,19,1267,Hidden
Stoltenberg Wunsch,46,250,Shown
Schuppe Nolan,20,905,Hidden
Zieme Medhurst,49,1122,Shown
West Walsh,93,1211,Hidden
Ward Inc,87,590,Hidden
Hilll Donnelly,71,1202,Shown
Hahn O'Kon,38,432,Shown
Walker Fay,83,566,Shown
McDermott Cremin and Dickens,22,1443,Shown
Braun Daugherty and Terry,98,1177,Hidden
Schroeder Swaniawski and Senger,59,1426,Shown
Baumbach Olson,82,97,Shown
Feeney LLC,35,125,Hidden
Tremblay Group,87,78,Shown
Lind Stracke,36,159,Shown
Batz Turner,91,1036,Shown
Kohler Reynolds,95,278,Hidden
Schneider Pagac,57,24,Hidden
Lowe Heller,93,546,Shown
Stracke Weber,48,1019,Shown
Harvey Roob and Pagac,25,400,Shown
Cummings Johns,70,326,Hidden
Schimmel Walsh,70,1328,Hidden
Leffler Group,17,991,Shown
Kautzer Wuckert and Ferry,42,1326,Shown
Green Bradtke and Willms,34,113,Hidden
Hermann Kautzer,51,259,Shown
Doyle Group,69,1003,Shown
Boehm Keebler and Grant,38,1302,Shown
Monahan Langworth and Johnston,82,804,Shown
Zemlak Kuhn,73,61,Shown
Leffler Group,8,1381,Hidden
Kautzer Jast,40,1304,Shown
Funk Hagenes and Bogisich,46,112,Hidden
Koepp LLC,62,1352,Shown
Beatty Jacobi,23,35,Shown
Gorczany and Sons,75,317,Shown
Hartmann LLC,87,1405,Hidden
Klein Inc,48,219,Shown
McKenzie Halvorson and Torp,39,65,Shown
Conroy Bradtke,97,1342,Hidden
Mitchell LLC,74,462,Shown
Wintheiser Nolan,92,144,Hidden
Wilkinson Kozey and Bergnaum,19,1150,Shown
Greenholt Rowe,23,168,Hidden
Quitzon Bosco,46,231,Hidden
Bechtelar Dach and Keeling,15,494,Shown
Sauer Kuhic,33,854,Hidden
Feeney Inc,31,1364,Shown
Lehner Hilpert,46,27,Shown
Watsica Reilly,52,63,Hidden
Roberts Kunde and Daugherty,75,1218,Hidden
Kihn Gottlieb and O'Reilly,19,843,Hidden
Wiza Funk and Renner,52,1394,Hidden
Koch Satterfield,41,483,Hidden
Lehner Stracke,41,520,Shown
Wiza Nitzsche and Thiel,15,1493,Shown
Robel Inc,39,246,Hidden
Jerde Shields and Macejkovic,91,1353,Shown
Daugherty Inc,67,889,Shown
Parisian and Sons,58,1233,Shown
Kiehn Reichel and Legros,16,695,Hidden
Kuphal Leuschke and McGlynn,68,183,Hidden
DuBuque Rippin and Osinski,4,468,Hidden
Mitchell Bosco and Quitzon,3,1259,Shown
Kiehn Adams and Abbott,19,291,Hidden
Streich Rutherford and Breitenberg,55,992,Shown
Thiel Rutherford and Beer,17,900,Hidden
Sawayn Inc,77,979,Hidden
Watsica Leannon and Kutch,41,1490,Shown
Rowe Inc,94,249,Shown
Hayes Morissette and Schuppe,18,129,Shown
Runolfsdottir LLC,86,1383,Shown
Wisozk Inc,54,333,Shown
Mertz Tremblay and Marks,15,1488,Hidden
Fay Willms,69,90,Hidden
Gibson LLC,52,1437,Hidden
Gutmann Bradtke and Christiansen,22,1298,Hidden
Reinger Quitzon,98,845,Shown
Murray Nolan and Stark,51,1337,Hidden
Stehr Dach,91,1056,Hidden
Pagac Inc,98,380,Shown
Wyman Botsford,97,343,Hidden
O'Kon Group,82,257,Shown
Dickens Group,48,743,Hidden
Batz Rodriguez and Lueilwitz,30,1101,Hidden
Torphy Schmidt,21,870,Hidden
Reichel LLC,91,843,Hidden
Conn Hahn and Gerhold,59,213,Shown
Connelly Gorczany,11,260,Shown
Padberg LLC,83,496,Shown
Schoen Group,39,807,Hidden
Weber Lueilwitz and Waters,61,231,Hidden
Huel Nienow,90,63,Hidden
Friesen Baumbach,88,1161,Hidden
Spinka Lindgren,10,257,Shown
Kunde LLC,92,877,Shown
Glover Ullrich,44,533,Shown
Lowe Pfannerstill,91,765,Shown
Champlin Pagac,40,1332,Shown
Baumbach Johnston and Cummerata,93,541,Shown
Carroll Hoeger and Kuhlman,66,463,Hidden
O'Keefe LLC,83,1456,Shown
Witting Hessel,35,110,Hidden
Macejkovic Group,48,875,Shown
Bernier Wintheiser,44,782,Shown
Robel Rolfson and Osinski,70,312,Shown
Hansen Murphy,71,428,Shown
Stiedemann Group,56,47,Shown
Kuphal O'Connell and Marks,83,1405,Shown
Nienow Inc,32,1233,Shown
Walsh Simonis,74,107,Hidden
Franecki Group,84,581,Hidden
Lynch O'Keefe,93,242,Hidden
Stiedemann Luettgen,59,692,Shown
Hagenes Kihn,94,708,Hidden
Gottlieb Toy,20,105,Hidden
Wolff Group,85,706,Shown
Heaney Group,72,530,Shown
Maggio Schoen,89,910,Shown
Sawayn Group,95,1354,Shown
Nader O'Connell and Kub,3,1193,Shown
Hartmann Reilly,10,425,Shown
Hintz Schulist,34,169,Shown
Goyette Inc,73,640,Shown
Strosin Auer,58,1045,Shown
Lesch Hamill and Frami,18,517,Hidden
Grimes Group,74,237,Hidden
Toy and Sons,55,531,Hidden
Cormier Inc,26,1305,Shown
Ritchie LLC,90,506,Hidden
Ritchie and Sons,58,1040,Shown
Sauer Gleason,21,602,Shown
Hoeger Skiles and Carter,47,58,Shown
Hand Funk,25,1001,Shown
Herman LLC,87,912,Shown
Zemlak Macejkovic,38,795,Shown
Koelpin Kassulke and Kuhic,68,571,Hidden
Steuber Nolan,53,1033,Shown
O'Kon Inc,76,1300,Hidden
Goodwin Kohler and Armstrong,91,201,Shown
Tillman Marquardt and Gutkowski,10,1361,Hidden
Turcotte Haley,14,1361,Hidden
Murazik Gerhold,12,363,Shown
Champlin Lueilwitz and Heller,23,1498,Hidden
Haley Schamberger,35,1039,Hidden
Watsica and Sons,14,1368,Hidden
Kuphal Group,20,44,Shown
Zieme Hirthe and Cartwright,48,605,Hidden
Streich Brown and Kulas,99,1188,Hidden
Pfannerstill Mayer and Dickens,68,263,Shown
Morissette Group,73,468,Shown
Mosciski Group,61,468,Shown
Pfannerstill O'Kon,87,29,Hidden
Homenick D'Amore and Grant,2,513,Hidden
Lind Hoeger and Morissette,89,362,Shown
Blick Becker and Watsica,33,757,Hidden
Schroeder Jacobs,93,228,Shown
Hintz Vandervort,17,1090,Shown
Rodriguez Inc,43,904,Shown
Mueller LLC,90,381,Hidden
Jones Little,42,217,Hidden
Heidenreich Kuhic,40,537,Shown
Olson Fahey and VonRueden,57,1477,Hidden
Ruecker Group,29,1304,Hidden
Zemlak McClure and Cartwright,92,1427,Hidden
Thompson LLC,20,1276,Shown
Halvorson Simonis,77,706,Hidden
Jacobs Mitchell and Kassulke,13,1030,Hidden
Fisher and Sons,17,39,Hidden
Beatty Lindgren and Zieme,36,1098,Shown
Kuhn Heller,82,1225,Shown
Larson Inc,38,1392,Hidden
Upton Inc,13,865,Shown
Crooks Heller and Reichert,5,880,Hidden
Rice Wilkinson,68,489,Hidden
Dach Balistreri,89,1418,Shown
Moore Rodriguez,70,215,Hidden
Metz Kirlin and McDermott,88,423,Hidden
Lynch Beahan and Cormier,50,762,Hidden
Littel Group,71,1158,Shown
Crist Inc,37,381,Hidden
Wisozk Nader,64,1453,Shown
Cormier Spencer,53,695,Shown
Christiansen Group,42,206,Shown
Hodkiewicz Friesen,92,1489,Hidden
Batz Willms,55,378,Shown
Ratke Olson and Kutch,63,761,Shown
Lindgren Greenholt and Renner,84,1489,Hidden
Greenfelder Halvorson and Pfeffer,68,845,Shown
Ryan LLC,75,646,Hidden
Smith Group,56,389,Shown
Huel Stehr and Stehr,53,1302,Shown
Bernhard Casper and Hahn,39,18,Hidden
Moen Kihn,69,768,Shown
Nienow Kunde and Zulauf,73,403,Hidden
Abshire Bode,86,988,Hidden
Leuschke Durgan and Wehner,5,615,Shown
Bahringer Sipes,75,448,Hidden
Brakus Schroeder,86,464,Shown
Ebert Macejkovic,67,963,Shown
Bailey and Sons,42,1290,Hidden
Shields Nienow and Jakubowski,49,386,Hidden
Bayer Inc,23,530,Hidden
Mertz Hirthe and Weimann,61,352,Shown
O'Connell Group,45,1148,Hidden
MacGyver Graham,89,1041,Hidden
Gleason Botsford,77,193,Shown
Conroy Group,2,113,Hidden
Lubowitz Schuppe,5,1078,Hidden
Ullrich Grimes,45,1042,Shown
Bode Inc,7,824,Shown
Konopelski and Sons,29,916,Shown
Flatley Group,97,1184,Hidden
Steuber Okuneva and Emmerich,7,1065,Shown
Muller Shields,92,80,Hidden
Wiegand Pfannerstill and Streich,64,47,Shown
Jacobson Doyle,42,713,Shown
Weber Group,87,756,Hidden
Runolfsdottir Ferry,27,590,Hidden
Keebler LLC,39,412,Shown
Quigley LLC,87,931,Shown
Ebert Beier,95,1405,Shown
Hudson Stehr and Wilkinson,1,1462,Shown
Carter Ledner,19,1472,Hidden
Hickle Turner,79,404,Shown
Baumbach LLC,1,746,Hidden
Lowe Schumm,78,1257,Shown
Stroman Inc,10,570,Hidden
Bauch Osinski,6,552,Hidden
Nader Group,50,886,Hidden
Mraz Daugherty and Kessler,97,205,Hidden
Kihn Dibbert and Blick,67,179,Shown
Jacobs Batz and DuBuque,82,270,Shown
Hills Bauch,12,1044,Hidden
Hayes Kemmer,55,223,Shown
Bernhard Inc,3,81,Shown
Schuster Tromp,22,1288,Hidden
Hegmann and Sons,90,336,Hidden
Schultz Hartmann and Glover,54,1165,Hidden
Gusikowski LLC,46,148,Hidden
Hansen and Sons,3,921,Hidden
Stanton Barrows and Wiegand,25,287,Shown
Stamm LLC,25,1209,Shown
Kutch LLC,85,906,Shown
Rohan Carroll and Considine,32,45,Hidden
Marvin Schoen,75,690,Shown
Jacobson Gerlach and Strosin,71,1230,Hidden
Hane Rogahn and Wintheiser,36,282,Shown
Jacobi Cummerata,22,1095,Hidden
Cummerata and Sons,97,228,Shown
Bernhard Morissette,93,1103,Hidden
Senger LLC,71,689,Shown
Hessel Renner and Waelchi,5,891,Hidden
Hermann and Sons,94,1289,Hidden
McClure Nitzsche and Upton,6,167,Shown
Gusikowski Hodkiewicz and Rowe,25,1358,Shown
Weber Kulas and Brakus,72,493,Shown
Sporer Hackett,97,811,Hidden
Hahn Bogisich and Cremin,16,449,Hidden
Glover and Sons,20,699,Shown
Shanahan Feil,60,281,Shown
Wyman and Sons,91,1022,Shown
Homenick Casper,16,1108,Shown
Kshlerin Jast,8,119,Shown
Gottlieb Lynch,3,584,Shown
Hermann Group,76,188,Hidden
Cormier Thiel and McClure,66,1360,Hidden
Torphy Inc,65,1052,Hidden
Towne Beahan,55,111,Shown
Douglas Group,15,1012,Hidden
Conroy Mills,36,1285,Hidden
Wuckert Group,38,131,Hidden
Glover Inc,75,861,Hidden
Brekke Senger and Greenfelder,23,683,Hidden
Kuhn Batz and Gibson,50,267,Hidden
Vandervort Koch and Mohr,82,1263,Shown
Strosin Farrell and Keeling,45,1319,Hidden
Beatty Ernser,48,272,Hidden
Bode Witting,3,1357,Hidden
Hayes Kemmer,76,1176,Shown
Bernhard Inc,41,484,Shown
Schuster Tromp,99,1183,Hidden
Hegmann and Sons,40,1278,Shown
Schultz Hartmann and Glover,10,1088,Shown
Gusikowski LLC,1,543,Shown
Hansen and Sons,25,122,Hidden
Stanton Barrows and Wiegand,23,1333,Hidden
Stamm LLC,12,171,Shown
Kutch LLC,41,1371,Hidden
Rohan Carroll and Considine,88,1061,Hidden
Marvin Schoen,49,1053,Shown
Jacobson Gerlach and Strosin,15,912,Hidden
Hane Rogahn and Wintheiser,44,397,Shown
Jacobi Cummerata,77,783,Hidden
Cummerata and Sons,57,1302,Hidden
Bernhard Morissette,26,849,Shown
Funk Hagenes and Bogisich,49,346,Hidden
Koepp LLC,47,389,Shown
Beatty Jacobi,5,574,Hidden
Gorczany and Sons,43,1322,Hidden
Hartmann LLC,10,1429,Shown
Klein Inc,10,173,Hidden
McKenzie Halvorson and Torp,76,887,Shown
Conroy Bradtke,42,271,Hidden
Mitchell LLC,56,547,Hidden
Wintheiser Nolan,4,1405,Hidden
Wilkinson Kozey and Bergnaum,58,1427,Hidden
Greenholt Rowe,11,1294,Shown
Quitzon Bosco,96,583,Shown
Bechtelar Dach and Keeling,1,420,Hidden
Sauer Kuhic,13,1223,Hidden
Feeney Inc,91,1274,Shown
Lehner Hilpert,41,1322,Shown
Watsica Reilly,60,920,Shown
Roberts Kunde and Daugherty,24,528,Hidden
Kihn Gottlieb and O'Reilly,84,519,Hidden
Wiza Funk and Renner,89,1315,Shown
Koch Satterfield,49,302,Hidden
Lehner Stracke,93,1290,Hidden
Wiza Nitzsche and Thiel,51,1119,Shown
Robel Inc,67,1426,Shown
Jerde Shields and Macejkovic,11,670,Hidden
Daugherty Inc,24,1342,Hidden
Parisian and Sons,77,410,Shown
Kiehn Reichel and Legros,91,791,Shown
Kuphal Leuschke and McGlynn,2,1244,Hidden
DuBuque Rippin and Osinski,22,336,Shown
Mitchell Bosco and Quitzon,4,1106,Shown
Kiehn Adams and Abbott,24,942,Shown
Streich Rutherford and Breitenberg,50,861,Shown
Thiel Rutherford and Beer,6,520,Shown
Sawayn Inc,98,96,Hidden
Watsica Leannon and Kutch,40,1405,Hidden
Rowe Inc,99,578,Shown
Hayes Morissette and Schuppe,52,833,Shown
Runolfsdottir LLC,90,376,Hidden
Wisozk Inc,6,508,Hidden
Mertz Tremblay and Marks,19,115,Shown
Fay Willms,7,1278,Hidden
Gibson LLC,76,1405,Hidden
Gutmann Bradtke and Christiansen,38,659,Hidden
Reinger Quitzon,42,1370,Shown
Murray Nolan and Stark,60,635,Hidden
Stehr Dach,67,973,Hidden
Pagac Inc,52,560,Shown
Wyman Botsford,58,769,Shown
O'Kon Group,71,1470,Hidden
Dickens Group,66,696,Hidden
Batz Rodriguez and Lueilwitz,40,1107,Hidden
Torphy Schmidt,4,1490,Shown
Reichel LLC,79,323,Shown
Conn Hahn and Gerhold,11,957,Shown
Connelly Gorczany,34,276,Shown
Padberg LLC,69,1135,Hidden
Schoen Group,77,234,Shown
Weber Lueilwitz and Waters,13,1184,Shown
Huel Nienow,94,1126,Hidden
Friesen Baumbach,28,606,Shown
Spinka Lindgren,91,587,Hidden
Kunde LLC,11,61,Shown
Glover Ullrich,37,1438,Hidden
Lowe Pfannerstill,51,970,Shown
Champlin Pagac,88,682,Shown
Baumbach Johnston and Cummerata,71,863,Shown
Carroll Hoeger and Kuhlman,26,555,Hidden
O'Keefe LLC,6,221,Shown
Witting Hessel,5,1157,Shown
Macejkovic Group,86,117,Hidden
Bernier Wintheiser,83,487,Shown
Robel Rolfson and Osinski,66,150,Shown
Hansen Murphy,52,36,Hidden
Stiedemann Group,80,319,Hidden
Kuphal O'Connell and Marks,65,579,Shown
Nienow Inc,24,435,Hidden
Walsh Simonis,54,1061,Shown
Franecki Group,11,222,Hidden
Lynch O'Keefe,43,1261,Hidden
Stiedemann Luettgen,42,90,Hidden
Hagenes Kihn,43,632,Hidden
Gottlieb Toy,71,183,Shown
Wolff Group,60,41,Shown
Heaney Group,3,605,Hidden
Maggio Schoen,49,647,Shown
Sawayn Group,28,720,Shown
Nader O'Connell and Kub,16,1223,Shown
Hartmann Reilly,78,575,Shown
Hintz Schulist,17,472,Shown
Goyette Inc,38,515,Shown
Strosin Auer,20,139,Hidden
Lesch Hamill and Frami,59,895,Hidden
Grimes Group,95,1209,Hidden
Toy and Sons,58,1459,Shown
Cormier Inc,17,983,Shown
Ritchie LLC,31,1433,Shown
Ritchie and Sons,44,287,Hidden
Sauer Gleason,21,1389,Shown
Hoeger Skiles and Carter,99,227,Shown
Hand Funk,1,16,Shown
Zboncak Ward,86,1374,Hidden
Herzog Mosciski,86,1379,Shown
Walker Schmeler and Shields,41,341,Hidden
Trantow Group,24,1084,Shown
Jacobs Sipes,41,1144,Shown
Grant LLC,4,16,Hidden
Watsica Murazik,40,595,Hidden
Bernhard Inc,64,1088,Hidden
Cummings Roob and Hackett,29,1391,Hidden
Reichel Abernathy and Beer,31,178,Hidden
Runolfsson MacGyver and Weber,29,1283,Shown
Heller Hoeger,80,417,Shown
Murphy Renner and Collins,5,387,Hidden
Rohan VonRueden,77,938,Hidden
Ferry White,87,205,Hidden
Bartoletti and Sons,50,1232,Shown
Maggio Inc,74,44,Hidden
Barton and Sons,96,507,Shown
Runte Group,11,1033,Hidden
Abbott Murazik,22,780,Hidden
Fritsch Group,59,273,Shown
Wuckert Inc,84,211,Shown
Thompson LLC,83,290,Hidden
King Skiles and Walsh,34,1324,Hidden
Dach Weber and Walsh,87,772,Hidden
Weber and Sons,85,300,Shown
Mann Inc,37,937,Hidden
Gerlach Pacocha,22,1204,Hidden
Bogisich Rutherford,72,986,Shown
Koepp Larkin,43,1212,Hidden
Effertz Schuppe,63,179,Hidden
Johns LLC,3,282,Shown
Schamberger Group,45,114,Hidden
Kihn Bergstrom,13,1227,Hidden
Powlowski Reinger and Stokes,38,1377,Shown
Champlin Block and Hickle,56,1413,Hidden
Bins Group,51,623,Shown
Kihn Stracke and Yundt,53,994,Hidden
Marquardt Bode and Abernathy,26,858,Hidden
Wilkinson Hagenes,11,409,Hidden
Greenfelder Thompson and Schmitt,5,1341,Hidden
Kunze Haag,98,580,Shown
Will LLC,83,867,Hidden
Kuhlman Lemke and Bins,32,1243,Shown
Walter Romaguera and Witting,86,375,Hidden
Wilkinson LLC,19,370,Shown
Cronin and Sons,36,1088,Shown
Barton Morar,43,460,Shown
Mosciski LLC,84,673,Hidden
Lueilwitz LLC,86,47,Hidden
Robel Inc,89,965,Shown
Shields Larson and Toy,60,1186,Shown
Boyle Ebert,14,626,Shown
Smith Konopelski,18,1459,Hidden
Gaylord Group,3,719,Hidden
Nolan LLC,56,154,Hidden
Wehner LLC,33,675,Hidden
Franecki Gaylord and Crist,12,1489,Hidden
Barrows Inc,85,604,Shown
Kovacek Quitzon and Feil,50,484,Hidden
Ledner Christiansen,71,77,Shown
Farrell Osinski and Mills,72,215,Shown
Larkin and Sons,7,121,Shown
Gulgowski Witting,57,976,Hidden
Braun O'Hara,50,1037,Shown
Abshire Erdman,9,1470,Hidden
Corkery Group,23,261,Shown
Boyle Thiel,8,624,Shown
Lockman Schuppe and Labadie,69,999,Hidden
Ziemann Group,26,805,Shown
McDermott LLC,63,161,Shown
Feeney Beer and Ortiz,47,532,Shown
Lubowitz White,79,854,Shown
Howell and Sons,56,1247,Hidden
Hermiston Lubowitz and Marvin,62,1318,Hidden
McGlynn Bahringer and Walter,96,219,Hidden
McLaughlin Inc,55,1340,Hidden
Steuber McCullough and Rath,18,1139,Hidden
Stanton Spencer,28,404,Shown
Okuneva Daniel and Crona,96,1157,Hidden
Daugherty Inc,92,850,Shown
Cummerata LLC,55,1321,Shown
Donnelly and Sons,44,826,Hidden
Rolfson Lesch and Stokes,64,1422,Hidden
Lesch Barton,92,1131,Shown
Bashirian Padberg,63,1022,Shown
Kunde Inc,78,554,Shown
O'Hara Zulauf and Morar,7,780,Hidden
Fadel Padberg,86,1294,Hidden
Williamson Mueller and Will,90,403,Shown
Kutch Inc,63,476,Hidden
Considine Greenholt,49,743,Shown
Smith and Sons,94,336,Shown
Stanton Frami,87,579,Hidden
Flatley and Sons,57,192,Shown
Hayes Satterfield,29,167,Hidden
Ryan LLC,95,763,Hidden
O'Kon Group,8,621,Hidden
Paucek Bechtelar,71,1294,Hidden
Brekke Walker,20,1487,Hidden
Auer Okuneva and Schuster,37,1281,Shown
Will Mohr,86,1473,Hidden
Zemlak Group,94,1416,Hidden
Feil Stiedemann and Bayer,10,892,Shown
Greenfelder Group,44,1286,Shown
DuBuque and Sons,43,876,Shown
Bartell Group,29,494,Shown
Mills Durgan and Kuhn,58,1196,Hidden
Herzog Wiza,74,557,Hidden
Reichert Schmitt and Walsh,25,347,Shown
Lubowitz Hamill,56,189,Shown
Larkin Pollich and Kuhn,24,453,Shown
Runolfsdottir Douglas,80,73,Hidden
Bashirian O'Reilly,65,277,Hidden
Turcotte Gutkowski,1,75,Shown
Bayer Crona and Kozey,86,1072,Shown
Pollich Inc,18,1328,Shown
Rohan Sanford,40,1284,Shown
Stoltenberg Wunsch,3,1013,Shown
Schuppe Nolan,85,1027,Shown
Zieme Medhurst,54,632,Hidden
West Walsh,12,886,Hidden
Ward Inc,34,1466,Hidden
Hilll Donnelly,36,163,Hidden
Hahn O'Kon,96,281,Hidden
Walker Fay,75,1477,Hidden
McDermott Cremin and Dickens,7,1256,Hidden
Braun Daugherty and Terry,7,584,Hidden
Schroeder Swaniawski and Senger,45,1432,Hidden
Baumbach Olson,23,351,Hidden
Feeney LLC,83,1322,Shown
Tremblay Group,99,1202,Hidden
Lind Stracke,31,285,Hidden
Batz Turner,90,1439,Shown
Kohler Reynolds,73,261,Shown
Schneider Pagac,18,1164,Hidden
Lowe Heller,18,615,Shown
Stracke Weber,80,949,Shown
Harvey Roob and Pagac,76,1313,Shown
Cummings Johns,19,104,Hidden
Schimmel Walsh,33,693,Hidden
Leffler Group,6,465,Hidden
Kautzer Wuckert and Ferry,63,289,Shown
Green Bradtke and Willms,7,614,Hidden
Hermann Kautzer,50,122,Hidden
Doyle Group,37,1017,Hidden
Boehm Keebler and Grant,67,1080,Shown
Monahan Langworth and Johnston,18,181,Shown
Zemlak Kuhn,78,1006,Hidden
Leffler Group,68,670,Shown
Kautzer Jast,8,1283,Hidden
Funk Hagenes and Bogisich,52,853,Shown
Koepp LLC,52,123,Hidden
Beatty Jacobi,31,1282,Shown
Gorczany and Sons,28,1217,Shown
Hartmann LLC,98,42,Hidden
Klein Inc,55,679,Hidden
McKenzie Halvorson and Torp,96,1181,Shown
Conroy Bradtke,61,463,Hidden
Mitchell LLC,58,1432,Shown
Wintheiser Nolan,31,1154,Hidden
Wilkinson Kozey and Bergnaum,63,980,Hidden
Greenholt Rowe,80,1226,Hidden
Quitzon Bosco,42,72,Shown
Bechtelar Dach and Keeling,38,47,Shown
Sauer Kuhic,59,1120,Hidden
Feeney Inc,68,1453,Hidden
Lehner Hilpert,95,400,Hidden
Watsica Reilly,32,180,Hidden
Roberts Kunde and Daugherty,75,380,Hidden
Kihn Gottlieb and O'Reilly,65,443,Hidden
Wiza Funk and Renner,83,728,Shown
Koch Satterfield,51,1312,Shown
Lehner Stracke,7,401,Shown
Wiza Nitzsche and Thiel,79,147,Shown
Robel Inc,42,735,Hidden
Jerde Shields and Macejkovic,73,580,Shown
Daugherty Inc,26,309,Shown
Parisian and Sons,7,255,Shown
Kiehn Reichel and Legros,79,1429,Shown
Kuphal Leuschke and McGlynn,71,186,Hidden
DuBuque Rippin and Osinski,13,1126,Shown
Mitchell Bosco and Quitzon,50,1081,Hidden
Kiehn Adams and Abbott,3,337,Shown
Streich Rutherford and Breitenberg,31,423,Hidden
Thiel Rutherford and Beer,76,841,Hidden
Sawayn Inc,95,322,Shown
Watsica Leannon and Kutch,23,641,Shown
Rowe Inc,73,987,Shown
Hayes Morissette and Schuppe,68,426,Shown
Runolfsdottir LLC,83,1449,Hidden
Wisozk Inc,91,131,Hidden
Mertz Tremblay and Marks,49,1252,Shown
Fay Willms,12,210,Hidden
Gibson LLC,63,159,Hidden
Gutmann Bradtke and Christiansen,14,1064,Hidden
Reinger Quitzon,40,819,Hidden
Murray Nolan and Stark,32,1205,Shown
Stehr Dach,81,1460,Hidden
Pagac Inc,51,264,Hidden
Wyman Botsford,74,1398,Hidden
O'Kon Group,31,922,Hidden
Dickens Group,93,646,Hidden
Batz Rodriguez and Lueilwitz,46,1318,Shown
Torphy Schmidt,79,303,Hidden
Reichel LLC,89,903,Shown
Conn Hahn and Gerhold,58,530,Hidden
Connelly Gorczany,21,421,Hidden
Padberg LLC,30,1082,Hidden
Schoen Group,92,1301,Shown
Weber Lueilwitz and Waters,5,496,Hidden
Huel Nienow,37,931,Shown
Friesen Baumbach,32,1072,Shown
Spinka Lindgren,99,1359,Hidden
Kunde LLC,21,1167,Hidden
Glover Ullrich,88,647,Shown
Lowe Pfannerstill,73,869,Shown
Champlin Pagac,67,700,Hidden
Baumbach Johnston and Cummerata,65,1354,Hidden
Carroll Hoeger and Kuhlman,32,870,Shown
O'Keefe LLC,50,281,Hidden
Witting Hessel,16,474,Shown
Macejkovic Group,10,810,Hidden
Bernier Wintheiser,84,1030,Hidden
Robel Rolfson and Osinski,46,306,Hidden
Hansen Murphy,56,208,Hidden
Stiedemann Group,56,1346,Shown
Kuphal O'Connell and Marks,16,16,Hidden
Nienow Inc,4,559,Shown
Walsh Simonis,79,164,Hidden
Franecki Group,83,187,Shown
Lynch O'Keefe,15,206,Shown
Stiedemann Luettgen,27,478,Hidden
Hagenes Kihn,10,1394,Shown
Gottlieb Toy,17,728,Hidden
Wolff Group,5,1217,Shown
Heaney Group,51,1203,Hidden
Maggio Schoen,36,741,Shown
Sawayn Group,46,177,Shown
Nader O'Connell and Kub,30,768,Hidden
Hartmann Reilly,35,344,Hidden
Hintz Schulist,15,904,Shown
Goyette Inc,51,704,Hidden
Strosin Auer,6,514,Hidden
Lesch Hamill and Frami,87,1215,Shown
Grimes Group,34,1149,Shown
Toy and Sons,87,1337,Hidden
Cormier Inc,31,1175,Shown
Ritchie LLC,39,1092,Hidden
Ritchie and Sons,15,704,Shown
Sauer Gleason,24,277,Shown
Hoeger Skiles and Carter,43,162,Shown
Hand Funk,65,597,Hidden
Herman LLC,9,1113,Shown
Zemlak Macejkovic,45,984,Shown
Koelpin Kassulke and Kuhic,95,63,Hidden
Steuber Nolan,12,719,Shown
O'Kon Inc,87,1184,Hidden
Goodwin Kohler and Armstrong,92,463,Shown
Tillman Marquardt and Gutkowski,54,411,Shown
Turcotte Haley,12,463,Shown
Murazik Gerhold,96,1201,Hidden
Champlin Lueilwitz and Heller,52,1442,Shown
Haley Schamberger,95,84,Hidden
Watsica and Sons,82,671,Hidden
Kuphal Group,29,1018,Shown
Zieme Hirthe and Cartwright,51,1280,Shown
Streich Brown and Kulas,41,745,Shown
Pfannerstill Mayer and Dickens,15,561,Hidden
Morissette Group,81,978,Shown
Mosciski Group,2,408,Hidden
Pfannerstill O'Kon,92,1386,Shown
Homenick D'Amore and Grant,1,1087,Hidden
Lind Hoeger and Morissette,88,262,Shown
Blick Becker and Watsica,53,1089,Shown
Schroeder Jacobs,73,834,Shown
Hintz Vandervort,96,152,Hidden
Rodriguez Inc,43,1109,Shown
Mueller LLC,17,1270,Shown
Jones Little,23,583,Shown
Heidenreich Kuhic,15,960,Shown
Olson Fahey and VonRueden,81,312,Shown
Ruecker Group,68,572,Shown
Zemlak McClure and Cartwright,22,1178,Shown
Thompson LLC,61,703,Shown
Halvorson Simonis,86,1406,Shown
Jacobs Mitchell and Kassulke,7,1187,Hidden
Fisher and Sons,91,1318,Shown
Beatty Lindgren and Zieme,74,1452,Shown
Kuhn Heller,54,625,Shown
Larson Inc,86,474,Hidden
Upton Inc,75,74,Hidden
Crooks Heller and Reichert,26,1124,Hidden
Rice Wilkinson,92,117,Shown
Dach Balistreri,57,694,Shown
Moore Rodriguez,49,1303,Shown
Metz Kirlin and McDermott,65,612,Shown
Lynch Beahan and Cormier,10,1331,Hidden
Littel Group,14,825,Shown
Crist Inc,25,465,Shown
Wisozk Nader,85,130,Shown
Cormier Spencer,12,785,Hidden
Christiansen Group,1,1244,Shown
Hodkiewicz Friesen,21,39,Shown
Batz Willms,32,1398,Shown
Ratke Olson and Kutch,17,1246,Hidden
Lindgren Greenholt and Renner,37,826,Shown
Greenfelder Halvorson and Pfeffer,30,1342,Shown
Ryan LLC,99,797,Shown
Smith Group,25,913,Shown
Huel Stehr and Stehr,58,718,Hidden
Bernhard Casper and Hahn,54,406,Shown
Moen Kihn,67,219,Hidden
Nienow Kunde and Zulauf,50,137,Shown
Abshire Bode,12,747,Shown
Leuschke Durgan and Wehner,31,786,Hidden
Bahringer Sipes,63,572,Hidden
Brakus Schroeder,15,70,Shown
Ebert Macejkovic,69,444,Shown
Bailey and Sons,23,67,Shown
Shields Nienow and Jakubowski,3,1383,Hidden
Bayer Inc,2,1344,Hidden
Mertz Hirthe and Weimann,95,269,Shown
O'Connell Group,31,242,Hidden
MacGyver Graham,19,1093,Shown
Gleason Botsford,69,1137,Hidden
Conroy Group,76,1413,Shown
Lubowitz Schuppe,70,435,Hidden
Ullrich Grimes,18,456,Hidden
Bode Inc,12,1176,Hidden
Konopelski and Sons,64,1312,Hidden
Flatley Group,53,1077,Shown
Steuber Okuneva and Emmerich,50,1315,Shown
Muller Shields,85,448,Hidden
Wiegand Pfannerstill and Streich,21,1442,Hidden
Jacobson Doyle,3,1103,Hidden
Weber Group,13,284,Hidden
Runolfsdottir Ferry,54,730,Shown
Keebler LLC,46,1085,Hidden
Quigley LLC,2,1013,Shown
Ebert Beier,96,942,Hidden
Hudson Stehr and Wilkinson,92,971,Hidden
Carter Ledner,21,203,Shown
Hickle Turner,77,653,Hidden
Baumbach LLC,90,402,Hidden
Lowe Schumm,94,1294,Shown
Stroman Inc,64,335,Hidden
Bauch Osinski,59,828,Shown
Nader Group,10,245,Shown
Mraz Daugherty and Kessler,34,1428,Hidden
Kihn Dibbert and Blick,90,1007,Shown
Jacobs Batz and DuBuque,68,380,Shown
Hills Bauch,43,1493,Shown
Hayes Kemmer,16,246,Shown
Bernhard Inc,95,298,Shown
Schuster Tromp,49,572,Shown
Hegmann and Sons,99,1433,Shown
Schultz Hartmann and Glover,71,745,Shown
Gusikowski LLC,27,1169,Hidden
Hansen and Sons,32,37,Shown
Stanton Barrows and Wiegand,29,573,Hidden
Stamm LLC,14,1183,Shown
Kutch LLC,10,1363,Shown
Rohan Carroll and Considine,92,138,Shown
Marvin Schoen,45,932,Shown
Jacobson Gerlach and Strosin,16,1399,Shown
Hane Rogahn and Wintheiser,41,40,Hidden
Jacobi Cummerata,77,147,Hidden
Cummerata and Sons,93,285,Hidden
Bernhard Morissette,20,1457,Hidden
Senger LLC,93,647,Hidden
Hessel Renner and Waelchi,62,263,Shown
Hermann and Sons,1,287,Shown
McClure Nitzsche and Upton,17,332,Hidden
Gusikowski Hodkiewicz and Rowe,5,380,Hidden
Weber Kulas and Brakus,2,1158,Hidden
Sporer Hackett,96,261,Shown
Hahn Bogisich and Cremin,49,586,Hidden
Glover and Sons,92,835,Shown
Shanahan Feil,14,120,Hidden
Wyman and Sons,61,812,Hidden
Homenick Casper,96,519,Hidden
Kshlerin Jast,54,364,Shown
Gottlieb Lynch,75,257,Shown
Hermann Group,7,1308,Hidden
Cormier Thiel and McClure,73,413,Hidden
Torphy Inc,12,1446,Hidden
Towne Beahan,49,1386,Shown
Douglas Group,31,1474,Shown
Conroy Mills,55,74,Shown
Wuckert Group,37,396,Shown
Glover Inc,27,602,Hidden
Brekke Senger and Greenfelder,24,120,Shown
Kuhn Batz and Gibson,5,148,Hidden
Vandervort Koch and Mohr,24,601,Hidden
Strosin Farrell and Keeling,44,693,Shown
Beatty Ernser,97,136,Hidden
Bode Witting,75,1295,Hidden
Hayes Kemmer,20,675,Shown
Bernhard Inc,23,1403,Shown
Schuster Tromp,78,279,Shown
Hegmann and Sons,57,1496,Hidden
Schultz Hartmann and Glover,31,1292,Shown
Gusikowski LLC,99,1227,Shown
Hansen and Sons,43,1402,Shown
Stanton Barrows and Wiegand,31,117,Hidden
Stamm LLC,71,1058,Hidden
Kutch LLC,83,333,Hidden
Rohan Carroll and Considine,37,538,Hidden
Marvin Schoen,48,1038,Shown
Jacobson Gerlach and Strosin,72,1463,Shown
Hane Rogahn and Wintheiser,94,690,Hidden
Jacobi Cummerata,55,803,Hidden
Cummerata and Sons,79,183,Hidden
Bernhard Morissette,88,1000,Hidden
Funk Hagenes and Bogisich,53,776,Hidden
Koepp LLC,54,106,Hidden
Beatty Jacobi,3,810,Shown
Gorczany and Sons,98,866,Shown
Hartmann LLC,43,870,Shown
Klein Inc,69,166,Hidden
McKenzie Halvorson and Torp,65,661,Shown
Conroy Bradtke,75,926,Shown
Mitchell LLC,98,1483,Hidden
Wintheiser Nolan,20,972,Hidden
Wilkinson Kozey and Bergnaum,15,319,Hidden
Greenholt Rowe,3,1184,Shown
Quitzon Bosco,43,1426,Shown
Bechtelar Dach and Keeling,94,942,Hidden
Sauer Kuhic,48,457,Hidden
Feeney Inc,37,992,Hidden
Lehner Hilpert,94,1105,Shown
Watsica Reilly,33,536,Shown
Roberts Kunde and Daugherty,42,152,Shown
Kihn Gottlieb and O'Reilly,45,1092,Hidden
Wiza Funk and Renner,97,652,Shown
Koch Satterfield,82,793,Hidden
Lehner Stracke,13,404,Hidden
Wiza Nitzsche and Thiel,14,232,Hidden
Robel Inc,23,993,Hidden
Jerde Shields and Macejkovic,41,614,Shown
Daugherty Inc,25,1140,Hidden
Parisian and Sons,21,290,Shown
Kiehn Reichel and Legros,98,1266,Hidden
Kuphal Leuschke and McGlynn,84,969,Shown
DuBuque Rippin and Osinski,35,1188,Shown
Mitchell Bosco and Quitzon,58,701,Shown
Kiehn Adams and Abbott,47,618,Shown
Streich Rutherford and Breitenberg,50,115,Hidden
Thiel Rutherford and Beer,65,839,Shown
Sawayn Inc,92,1363,Shown
Watsica Leannon and Kutch,84,508,Hidden
Rowe Inc,33,240,Hidden
Hayes Morissette and Schuppe,15,942,Shown
Runolfsdottir LLC,52,489,Shown
Wisozk Inc,65,1226,Shown
Mertz Tremblay and Marks,68,237,Hidden
Fay Willms,51,762,Shown
Gibson LLC,13,775,Shown
Gutmann Bradtke and Christiansen,83,630,Hidden
Reinger Quitzon,35,141,Hidden
Murray Nolan and Stark,10,144,Hidden
Stehr Dach,7,801,Hidden
Pagac Inc,34,87,Hidden
Wyman Botsford,20,843,Hidden
O'Kon Group,94,716,Shown
Dickens Group,24,827,Shown
Batz Rodriguez and Lueilwitz,33,1090,Hidden
Torphy Schmidt,4,1222,Hidden
Reichel LLC,68,1045,Hidden
Conn Hahn and Gerhold,22,1386,Shown
Connelly Gorczany,20,1366,Hidden
Padberg LLC,60,726,Hidden
Schoen Group,35,680,Hidden
Weber Lueilwitz and Waters,72,156,Shown
Huel Nienow,97,1071,Shown
Friesen Baumbach,49,36,Shown
Spinka Lindgren,77,356,Hidden
Kunde LLC,56,1186,Shown
Glover Ullrich,68,1369,Hidden
Lowe Pfannerstill,34,1370,Hidden
Champlin Pagac,8,1098,Hidden
Baumbach Johnston and Cummerata,50,885,Shown
Carroll Hoeger and Kuhlman,94,1057,Shown
O'Keefe LLC,5,777,Hidden
Witting Hessel,14,750,Shown
Macejkovic Group,86,1093,Hidden
Bernier Wintheiser,97,1476,Hidden
Robel Rolfson and Osinski,30,283,Shown
Hansen Murphy,18,875,Hidden
Stiedemann Group,93,747,Hidden
Kuphal O'Connell and Marks,56,834,Hidden
Nienow Inc,94,665,Shown
Walsh Simonis,4,1009,Hidden
Franecki Group,92,1040,Hidden
Lynch O'Keefe,32,1125,Hidden
Stiedemann Luettgen,96,638,Shown
Hagenes Kihn,59,1148,Hidden
Gottlieb Toy,95,946,Shown
Wolff Group,43,155,Hidden
Heaney Group,26,964,Hidden
Maggio Schoen,46,784,Shown
Sawayn Group,78,221,Hidden
Nader O'Connell and Kub,27,219,Hidden
Hartmann Reilly,29,1399,Shown
Hintz Schulist,48,1420,Shown
Goyette Inc,69,446,Shown
Strosin Auer,18,701,Hidden
