"Time","br-10cd1f6f3899 receive","docker0 receive","eth0 receive","eth1 receive","lo receive","veth6750e95 receive","br-10cd1f6f3899 transmit","docker0 transmit","eth0 transmit","eth1 transmit","lo transmit","veth6750e95 transmit"
2023-04-02 11:18:10,5.20 kB/s,0 kB/s,5.60 kB/s,54.9 kB/s,0 kB/s,6.60 kB/s,6.60 kB/s,0 kB/s,5.40 kB/s,952 kB/s,0 kB/s,6.60 kB/s
2023-04-02 11:18:20,8 kB/s,0 kB/s,56.5 kB/s,65.7 kB/s,0 kB/s,10.8 kB/s,10.8 kB/s,0 kB/s,288 kB/s,962 kB/s,0 kB/s,10.8 kB/s
2023-04-02 11:18:30,215 MB/s,0 kB/s,0 kB/s,598 MB/s,0 kB/s,216 MB/s,598 MB/s,0 kB/s,0 kB/s,217 MB/s,0 kB/s,598 MB/s
2023-04-02 11:18:40,5.04 GB/s,0 kB/s,0 kB/s,2.78 GB/s,0 kB/s,5.06 GB/s,2.78 GB/s,0 kB/s,0 kB/s,5.06 GB/s,0 kB/s,2.78 GB/s
2023-04-02 11:18:50,2.82 GB/s,0 kB/s,0 kB/s,1.83 GB/s,0 kB/s,2.83 GB/s,1.83 GB/s,0 kB/s,0 kB/s,2.83 GB/s,0 kB/s,1.83 GB/s
2023-04-02 11:19:00,4.83 GB/s,0 kB/s,0 kB/s,3.25 GB/s,0 kB/s,4.84 GB/s,3.25 GB/s,0 kB/s,0 kB/s,4.84 GB/s,0 kB/s,3.25 GB/s
2023-04-02 11:19:10,3.18 GB/s,0 kB/s,5.60 kB/s,1.81 GB/s,0 kB/s,3.19 GB/s,1.80 GB/s,0 kB/s,5.40 kB/s,3.20 GB/s,0 kB/s,1.80 GB/s
2023-04-02 11:19:20,4.21 GB/s,0 kB/s,83 kB/s,2.63 GB/s,0 kB/s,4.22 GB/s,2.63 GB/s,0 kB/s,77.4 kB/s,4.22 GB/s,0 kB/s,2.63 GB/s
2023-04-02 11:19:30,2.23 GB/s,0 kB/s,11.2 kB/s,1.47 GB/s,0 kB/s,2.24 GB/s,1.47 GB/s,0 kB/s,5.40 kB/s,2.24 GB/s,0 kB/s,1.47 GB/s
2023-04-02 11:19:40,3.59 GB/s,0 kB/s,5.80 kB/s,2.22 GB/s,0 kB/s,3.60 GB/s,2.22 GB/s,0 kB/s,5.40 kB/s,3.60 GB/s,0 kB/s,2.22 GB/s
2023-04-02 11:19:50,4.27 GB/s,0 kB/s,28.2 kB/s,2.93 GB/s,0 kB/s,4.29 GB/s,2.93 GB/s,0 kB/s,21.6 kB/s,4.29 GB/s,0 kB/s,2.93 GB/s
2023-04-02 11:20:00,2.84 GB/s,0 kB/s,11.6 kB/s,1.55 GB/s,0 kB/s,2.85 GB/s,1.55 GB/s,0 kB/s,4.20 kB/s,2.85 GB/s,0 kB/s,1.55 GB/s
2023-04-02 11:20:10,4.14 GB/s,0 kB/s,0 kB/s,2.56 GB/s,0 kB/s,4.14 GB/s,2.56 GB/s,0 kB/s,0 kB/s,4.14 GB/s,0 kB/s,2.56 GB/s
2023-04-02 11:20:20,3.03 GB/s,0 kB/s,67.7 kB/s,1.97 GB/s,0 kB/s,3.04 GB/s,1.97 GB/s,0 kB/s,298 kB/s,3.04 GB/s,0 kB/s,1.97 GB/s
2023-04-02 11:20:30,4.39 GB/s,0 kB/s,0 kB/s,2.73 GB/s,0 kB/s,4.40 GB/s,2.73 GB/s,0 kB/s,0 kB/s,4.40 GB/s,0 kB/s,2.73 GB/s
2023-04-02 11:20:40,3.86 GB/s,0 kB/s,5.80 kB/s,2.52 GB/s,0 kB/s,3.87 GB/s,2.52 GB/s,0 kB/s,5.40 kB/s,3.87 GB/s,0 kB/s,2.52 GB/s
2023-04-02 11:20:50,4.43 GB/s,0 kB/s,5.60 kB/s,2.67 GB/s,0 kB/s,4.44 GB/s,2.67 GB/s,0 kB/s,5.40 kB/s,4.44 GB/s,0 kB/s,2.67 GB/s
2023-04-02 11:21:00,2.08 GB/s,0 kB/s,51.7 kB/s,1.32 GB/s,0 kB/s,2.08 GB/s,1.32 GB/s,0 kB/s,54.3 kB/s,2.09 GB/s,0 kB/s,1.32 GB/s
2023-04-02 11:21:10,1.87 GB/s,0 kB/s,11.6 kB/s,1.34 GB/s,0 kB/s,1.88 GB/s,1.34 GB/s,0 kB/s,9.60 kB/s,1.89 GB/s,0 kB/s,1.34 GB/s
2023-04-02 11:21:20,2.43 GB/s,0 kB/s,5.80 kB/s,1.53 GB/s,0 kB/s,2.45 GB/s,1.53 GB/s,0 kB/s,5.40 kB/s,2.45 GB/s,0 kB/s,1.53 GB/s
2023-04-02 11:21:30,1.18 GB/s,0 kB/s,0 kB/s,770 MB/s,0 kB/s,1.19 GB/s,770 MB/s,0 kB/s,0 kB/s,1.19 GB/s,0 kB/s,770 MB/s
2023-04-02 11:21:40,2.26 GB/s,0 kB/s,11.2 kB/s,1.45 GB/s,0 kB/s,2.27 GB/s,1.45 GB/s,0 kB/s,5.40 kB/s,2.27 GB/s,0 kB/s,1.45 GB/s
2023-04-02 11:21:50,1.68 GB/s,0 kB/s,17.2 kB/s,1.07 GB/s,0 kB/s,1.69 GB/s,1.07 GB/s,0 kB/s,15 kB/s,1.69 GB/s,0 kB/s,1.07 GB/s
2023-04-02 11:22:00,1.67 GB/s,0 kB/s,0 kB/s,1.08 GB/s,0 kB/s,1.68 GB/s,1.08 GB/s,0 kB/s,0 kB/s,1.68 GB/s,0 kB/s,1.08 GB/s
2023-04-02 11:22:10,626 MB/s,0 kB/s,11.2 kB/s,425 MB/s,0 kB/s,632 MB/s,425 MB/s,0 kB/s,5.40 kB/s,632 MB/s,0 kB/s,425 MB/s
2023-04-02 11:22:20,1.88 GB/s,0 kB/s,107 kB/s,1.19 GB/s,0 kB/s,1.88 GB/s,1.19 GB/s,0 kB/s,334 kB/s,1.88 GB/s,0 kB/s,1.19 GB/s
2023-04-02 11:22:30,1.75 GB/s,0 kB/s,58.8 kB/s,1.14 GB/s,0 kB/s,1.76 GB/s,1.14 GB/s,0 kB/s,58.8 kB/s,1.76 GB/s,0 kB/s,1.14 GB/s
2023-04-02 11:22:40,2.44 GB/s,0 kB/s,22.4 kB/s,1.52 GB/s,0 kB/s,2.45 GB/s,1.52 GB/s,0 kB/s,16.2 kB/s,2.45 GB/s,0 kB/s,1.52 GB/s
2023-04-02 11:22:50,2.05 GB/s,0 kB/s,0 kB/s,1.29 GB/s,0 kB/s,2.06 GB/s,1.29 GB/s,0 kB/s,0 kB/s,2.06 GB/s,0 kB/s,1.29 GB/s
2023-04-02 11:23:00,1.65 GB/s,0 kB/s,0 kB/s,1.02 GB/s,0 kB/s,1.65 GB/s,1.02 GB/s,0 kB/s,0 kB/s,1.65 GB/s,0 kB/s,1.02 GB/s
2023-04-02 11:23:10,1.42 GB/s,0 kB/s,17.2 kB/s,1.23 GB/s,0 kB/s,1.42 GB/s,1.23 GB/s,0 kB/s,9.60 kB/s,1.43 GB/s,0 kB/s,1.23 GB/s
2023-04-02 11:23:20,3.48 GB/s,0 kB/s,11.6 kB/s,1.81 GB/s,0 kB/s,3.48 GB/s,1.81 GB/s,0 kB/s,9.60 kB/s,3.48 GB/s,0 kB/s,1.81 GB/s
2023-04-02 11:23:30,2.05 GB/s,0 kB/s,5.80 kB/s,1.31 GB/s,0 kB/s,2.06 GB/s,1.31 GB/s,0 kB/s,5.40 kB/s,2.06 GB/s,0 kB/s,1.31 GB/s
2023-04-02 11:23:40,2.66 GB/s,0 kB/s,11.2 kB/s,1.68 GB/s,0 kB/s,2.67 GB/s,1.68 GB/s,0 kB/s,5.40 kB/s,2.67 GB/s,0 kB/s,1.68 GB/s
2023-04-02 11:23:50,1.75 GB/s,0 kB/s,22.4 kB/s,1.16 GB/s,0 kB/s,1.76 GB/s,1.16 GB/s,0 kB/s,10.8 kB/s,1.76 GB/s,0 kB/s,1.16 GB/s
2023-04-02 11:24:00,2.71 GB/s,0 kB/s,22.8 kB/s,1.72 GB/s,0 kB/s,2.72 GB/s,1.72 GB/s,0 kB/s,15 kB/s,2.72 GB/s,0 kB/s,1.72 GB/s
2023-04-02 11:24:10,2.71 GB/s,0 kB/s,11.6 kB/s,1.70 GB/s,0 kB/s,2.72 GB/s,1.70 GB/s,0 kB/s,5.40 kB/s,2.72 GB/s,0 kB/s,1.70 GB/s
2023-04-02 11:24:20,1.71 GB/s,0 kB/s,56.5 kB/s,1.10 GB/s,0 kB/s,1.72 GB/s,1.10 GB/s,0 kB/s,294 kB/s,1.72 GB/s,0 kB/s,1.10 GB/s
2023-04-02 11:24:30,2.60 GB/s,0 kB/s,22.4 kB/s,1.65 GB/s,0 kB/s,2.60 GB/s,1.65 GB/s,0 kB/s,10.8 kB/s,2.61 GB/s,0 kB/s,1.65 GB/s
2023-04-02 11:24:40,2.03 GB/s,0 kB/s,11.2 kB/s,1.27 GB/s,0 kB/s,2.04 GB/s,1.27 GB/s,0 kB/s,10.8 kB/s,2.04 GB/s,0 kB/s,1.27 GB/s
2023-04-02 11:24:50,1.25 GB/s,0 kB/s,5.60 kB/s,889 MB/s,0 kB/s,1.27 GB/s,889 MB/s,0 kB/s,4.80 kB/s,1.27 GB/s,0 kB/s,889 MB/s
2023-04-02 11:25:00,237 MB/s,0 kB/s,11.8 kB/s,204 MB/s,0 kB/s,244 MB/s,204 MB/s,0 kB/s,9.60 kB/s,245 MB/s,0 kB/s,204 MB/s
2023-04-02 11:25:10,1.09 GB/s,0 kB/s,11.2 kB/s,712 MB/s,0 kB/s,1.10 GB/s,712 MB/s,0 kB/s,10.8 kB/s,1.10 GB/s,0 kB/s,712 MB/s
2023-04-02 11:25:20,2.16 GB/s,0 kB/s,17.5 kB/s,1.37 GB/s,0 kB/s,2.17 GB/s,1.37 GB/s,0 kB/s,14.5 kB/s,2.17 GB/s,0 kB/s,1.37 GB/s
2023-04-02 11:25:30,2.18 GB/s,0 kB/s,22.4 kB/s,1.40 GB/s,0 kB/s,2.18 GB/s,1.40 GB/s,0 kB/s,10.8 kB/s,2.18 GB/s,0 kB/s,1.40 GB/s
2023-04-02 11:25:40,1.99 GB/s,0 kB/s,0 kB/s,1.22 GB/s,0 kB/s,2.00 GB/s,1.22 GB/s,0 kB/s,0 kB/s,2.00 GB/s,0 kB/s,1.22 GB/s
2023-04-02 11:25:50,4.20 GB/s,0 kB/s,11.2 kB/s,2.59 GB/s,0 kB/s,4.21 GB/s,2.59 GB/s,0 kB/s,5.40 kB/s,4.21 GB/s,0 kB/s,2.59 GB/s
2023-04-02 11:26:00,225 MB/s,0 kB/s,6 kB/s,216 MB/s,0 kB/s,233 MB/s,215 MB/s,0 kB/s,4.20 kB/s,234 MB/s,0 kB/s,215 MB/s
2023-04-02 11:26:10,453 MB/s,0 kB/s,5.60 kB/s,272 MB/s,0 kB/s,453 MB/s,272 MB/s,0 kB/s,5.40 kB/s,454 MB/s,0 kB/s,272 MB/s
2023-04-02 11:26:20,102 MB/s,0 kB/s,56.5 kB/s,93.3 MB/s,0 kB/s,105 MB/s,93.3 MB/s,0 kB/s,290 kB/s,106 MB/s,0 kB/s,93.3 MB/s
2023-04-02 11:26:30,4.55 MB/s,0 kB/s,13.2 kB/s,3.01 MB/s,0 kB/s,4.59 MB/s,2.96 MB/s,0 kB/s,10.8 kB/s,5.53 MB/s,0 kB/s,2.96 MB/s
2023-04-02 11:26:40,455 MB/s,0 kB/s,11.2 kB/s,297 MB/s,0 kB/s,456 MB/s,297 MB/s,0 kB/s,5.40 kB/s,457 MB/s,0 kB/s,297 MB/s
2023-04-02 11:26:50,556 MB/s,0 kB/s,11.2 kB/s,340 MB/s,0 kB/s,558 MB/s,340 MB/s,0 kB/s,5.40 kB/s,559 MB/s,0 kB/s,340 MB/s
2023-04-02 11:27:00,59.5 MB/s,0 kB/s,0 kB/s,53.6 MB/s,0 kB/s,61.4 MB/s,53.6 MB/s,0 kB/s,0 kB/s,62.4 MB/s,0 kB/s,53.6 MB/s
2023-04-02 11:27:10,50.8 MB/s,0 kB/s,22.8 kB/s,46.2 MB/s,0 kB/s,52.5 MB/s,46.1 MB/s,0 kB/s,15 kB/s,53.4 MB/s,0 kB/s,46.1 MB/s
2023-04-02 11:27:20,998 MB/s,0 kB/s,0 kB/s,611 MB/s,0 kB/s,998 MB/s,611 MB/s,0 kB/s,0 kB/s,999 MB/s,0 kB/s,611 MB/s
2023-04-02 11:27:30,67.2 MB/s,0 kB/s,0 kB/s,61.4 MB/s,0 kB/s,69.4 MB/s,61.3 MB/s,0 kB/s,0 kB/s,70.4 MB/s,0 kB/s,61.3 MB/s
2023-04-02 11:27:40,701 MB/s,0 kB/s,0 kB/s,480 MB/s,0 kB/s,706 MB/s,480 MB/s,0 kB/s,0 kB/s,707 MB/s,0 kB/s,480 MB/s
2023-04-02 11:27:50,492 MB/s,0 kB/s,0 kB/s,307 MB/s,0 kB/s,494 MB/s,307 MB/s,0 kB/s,0 kB/s,495 MB/s,0 kB/s,307 MB/s
2023-04-02 11:28:00,30.0 MB/s,0 kB/s,17.4 kB/s,26.6 MB/s,0 kB/s,30.9 MB/s,26.5 MB/s,0 kB/s,15 kB/s,31.9 MB/s,0 kB/s,26.5 MB/s
2023-04-02 11:28:10,1.46 GB/s,0 kB/s,5.80 kB/s,910 MB/s,0 kB/s,1.47 GB/s,910 MB/s,0 kB/s,5.40 kB/s,1.47 GB/s,0 kB/s,910 MB/s
2023-04-02 11:28:20,1.05 GB/s,0 kB/s,84.1 kB/s,680 MB/s,0 kB/s,1.05 GB/s,680 MB/s,0 kB/s,314 kB/s,1.06 GB/s,0 kB/s,680 MB/s
2023-04-02 11:28:30,676 MB/s,0 kB/s,0 kB/s,443 MB/s,0 kB/s,680 MB/s,443 MB/s,0 kB/s,0 kB/s,681 MB/s,0 kB/s,443 MB/s
2023-04-02 11:28:40,709 MB/s,0 kB/s,5.60 kB/s,475 MB/s,0 kB/s,714 MB/s,475 MB/s,0 kB/s,5.40 kB/s,715 MB/s,0 kB/s,475 MB/s
2023-04-02 11:28:50,1.56 GB/s,0 kB/s,0 kB/s,953 MB/s,0 kB/s,1.56 GB/s,953 MB/s,0 kB/s,0 kB/s,1.56 GB/s,0 kB/s,953 MB/s
2023-04-02 11:29:00,603 MB/s,0 kB/s,29.5 kB/s,381 MB/s,0 kB/s,605 MB/s,381 MB/s,0 kB/s,24.5 kB/s,606 MB/s,0 kB/s,381 MB/s
2023-04-02 11:29:10,595 MB/s,0 kB/s,22.4 kB/s,382 MB/s,0 kB/s,597 MB/s,382 MB/s,0 kB/s,10.8 kB/s,598 MB/s,0 kB/s,382 MB/s
2023-04-02 11:29:20,607 MB/s,0 kB/s,0 kB/s,411 MB/s,0 kB/s,610 MB/s,411 MB/s,0 kB/s,0 kB/s,611 MB/s,0 kB/s,411 MB/s
2023-04-02 11:29:30,32.8 MB/s,0 kB/s,0 kB/s,13.4 MB/s,0 kB/s,33.3 MB/s,13.4 MB/s,0 kB/s,0 kB/s,34.3 MB/s,0 kB/s,13.4 MB/s
2023-04-02 11:29:40,487 MB/s,0 kB/s,17.2 kB/s,299 MB/s,0 kB/s,487 MB/s,298 MB/s,0 kB/s,9.60 kB/s,488 MB/s,0 kB/s,298 MB/s
2023-04-02 11:29:50,39.0 MB/s,0 kB/s,14.8 kB/s,321 MB/s,0 kB/s,39.2 MB/s,321 MB/s,0 kB/s,14.4 kB/s,40.1 MB/s,0 kB/s,321 MB/s
2023-04-02 11:30:00,488 MB/s,0 kB/s,28 kB/s,1.54 MB/s,0 kB/s,489 MB/s,1.48 MB/s,0 kB/s,19.2 kB/s,490 MB/s,0 kB/s,1.48 MB/s
2023-04-02 11:30:10,477 MB/s,0 kB/s,17.2 kB/s,299 MB/s,0 kB/s,478 MB/s,299 MB/s,0 kB/s,9.60 kB/s,479 MB/s,0 kB/s,299 MB/s
2023-04-02 11:30:20,2.77 MB/s,0 kB/s,75.1 kB/s,1.77 MB/s,0 kB/s,2.79 MB/s,1.73 MB/s,0 kB/s,300 kB/s,3.73 MB/s,0 kB/s,1.73 MB/s
2023-04-02 11:30:30,623 MB/s,0 kB/s,5.60 kB/s,400 MB/s,0 kB/s,625 MB/s,400 MB/s,0 kB/s,5.40 kB/s,626 MB/s,0 kB/s,400 MB/s
2023-04-02 11:30:40,2.30 MB/s,0 kB/s,5.80 kB/s,1.56 MB/s,0 kB/s,2.33 MB/s,1.51 MB/s,0 kB/s,5.40 kB/s,3.28 MB/s,0 kB/s,1.51 MB/s
2023-04-02 11:30:50,26.6 MB/s,0 kB/s,45 kB/s,24.8 MB/s,0 kB/s,27.5 MB/s,24.7 MB/s,0 kB/s,27 kB/s,28.5 MB/s,0 kB/s,24.7 MB/s
2023-04-02 11:31:00,474 MB/s,0 kB/s,13.4 kB/s,315 MB/s,0 kB/s,476 MB/s,315 MB/s,0 kB/s,9.60 kB/s,477 MB/s,0 kB/s,315 MB/s
2023-04-02 11:31:10,102 MB/s,0 kB/s,16.8 kB/s,78.5 MB/s,0 kB/s,105 MB/s,78.4 MB/s,0 kB/s,10.8 kB/s,105 MB/s,0 kB/s,78.4 MB/s
2023-04-02 11:31:20,983 MB/s,0 kB/s,12.8 MB/s,600 MB/s,43.6 kB/s,984 MB/s,600 MB/s,0 kB/s,208 kB/s,985 MB/s,43.6 kB/s,600 MB/s
2023-04-02 11:31:30,475 MB/s,0 kB/s,11.8 kB/s,290 MB/s,20.8 kB/s,476 MB/s,290 MB/s,0 kB/s,9.60 kB/s,477 MB/s,20.8 kB/s,290 MB/s
2023-04-02 11:31:40,487 MB/s,0 kB/s,0 kB/s,298 MB/s,0 kB/s,488 MB/s,298 MB/s,0 kB/s,0 kB/s,489 MB/s,0 kB/s,298 MB/s
2023-04-02 11:31:50,42.9 MB/s,0 kB/s,0 kB/s,38.6 MB/s,0 kB/s,44.3 MB/s,38.5 MB/s,0 kB/s,0 kB/s,45.3 MB/s,0 kB/s,38.5 MB/s
2023-04-02 11:32:00,543 MB/s,0 kB/s,0 kB/s,333 MB/s,0 kB/s,544 MB/s,333 MB/s,0 kB/s,0 kB/s,545 MB/s,0 kB/s,333 MB/s
2023-04-02 11:32:10,111 MB/s,0 kB/s,0 kB/s,101 MB/s,0 kB/s,115 MB/s,101 MB/s,0 kB/s,0 kB/s,115 MB/s,0 kB/s,101 MB/s
2023-04-02 11:32:20,1.04 GB/s,0 kB/s,62.3 kB/s,944 MB/s,0 kB/s,1.04 GB/s,944 MB/s,0 kB/s,297 kB/s,1.04 GB/s,0 kB/s,944 MB/s
2023-04-02 11:32:30,2.55 GB/s,0 kB/s,0 kB/s,1.63 GB/s,0 kB/s,2.56 GB/s,1.63 GB/s,0 kB/s,0 kB/s,2.56 GB/s,0 kB/s,1.63 GB/s
2023-04-02 11:32:40,2.26 GB/s,0 kB/s,0 kB/s,1.34 GB/s,0 kB/s,2.26 GB/s,1.34 GB/s,0 kB/s,0 kB/s,2.26 GB/s,0 kB/s,1.34 GB/s
2023-04-02 11:32:50,1.37 GB/s,0 kB/s,11.2 kB/s,613 MB/s,0 kB/s,1.37 GB/s,613 MB/s,0 kB/s,5.40 kB/s,1.37 GB/s,0 kB/s,613 MB/s
2023-04-02 11:33:00,2.20 GB/s,0 kB/s,17.2 kB/s,1.41 GB/s,0 kB/s,2.21 GB/s,1.41 GB/s,0 kB/s,9.60 kB/s,2.21 GB/s,0 kB/s,1.41 GB/s
2023-04-02 11:33:10,614 MB/s,0 kB/s,0 kB/s,427 MB/s,0 kB/s,620 MB/s,427 MB/s,0 kB/s,0 kB/s,621 MB/s,0 kB/s,427 MB/s
2023-04-02 11:33:20,1.22 GB/s,0 kB/s,11.2 kB/s,816 MB/s,0 kB/s,1.23 GB/s,816 MB/s,0 kB/s,5.40 kB/s,1.23 GB/s,0 kB/s,816 MB/s
2023-04-02 11:33:30,2.30 GB/s,0 kB/s,106 kB/s,1.45 GB/s,0 kB/s,2.31 GB/s,1.45 GB/s,0 kB/s,59 kB/s,2.31 GB/s,0 kB/s,1.45 GB/s
2023-04-02 11:33:40,1.87 GB/s,0 kB/s,6 kB/s,1.35 GB/s,0 kB/s,1.88 GB/s,1.35 GB/s,0 kB/s,4.20 kB/s,1.88 GB/s,0 kB/s,1.35 GB/s
2023-04-02 11:33:50,1.83 GB/s,0 kB/s,17 kB/s,990 MB/s,0 kB/s,1.83 GB/s,990 MB/s,0 kB/s,10.8 kB/s,1.84 GB/s,0 kB/s,990 MB/s
2023-04-02 11:34:00,1.42 GB/s,0 kB/s,5.60 kB/s,890 MB/s,0 kB/s,1.42 GB/s,890 MB/s,0 kB/s,5.40 kB/s,1.42 GB/s,0 kB/s,890 MB/s
2023-04-02 11:34:10,672 MB/s,0 kB/s,10.3 kB/s,453 MB/s,0 kB/s,678 MB/s,453 MB/s,0 kB/s,0 kB/s,679 MB/s,0 kB/s,453 MB/s
2023-04-02 11:34:20,159 MB/s,0 kB/s,56.5 kB/s,153 MB/s,0 kB/s,164 MB/s,153 MB/s,0 kB/s,288 kB/s,165 MB/s,0 kB/s,153 MB/s
2023-04-02 11:34:30,1.18 GB/s,0 kB/s,5.60 kB/s,802 MB/s,0 kB/s,1.19 GB/s,802 MB/s,0 kB/s,5.40 kB/s,1.19 GB/s,0 kB/s,802 MB/s
2023-04-02 11:34:40,1.08 GB/s,0 kB/s,11.2 kB/s,681 MB/s,0 kB/s,1.08 GB/s,681 MB/s,0 kB/s,10.8 kB/s,1.08 GB/s,0 kB/s,681 MB/s
2023-04-02 11:34:50,1.14 GB/s,0 kB/s,17 kB/s,770 MB/s,0 kB/s,1.15 GB/s,770 MB/s,0 kB/s,10.8 kB/s,1.15 GB/s,0 kB/s,770 MB/s
2023-04-02 11:35:00,1.57 GB/s,0 kB/s,16.8 kB/s,1.01 GB/s,0 kB/s,1.57 GB/s,1.01 GB/s,0 kB/s,10.8 kB/s,1.57 GB/s,0 kB/s,1.01 GB/s
2023-04-02 11:35:10,2.29 GB/s,0 kB/s,17.2 kB/s,1.50 GB/s,0 kB/s,2.30 GB/s,1.50 GB/s,0 kB/s,9.60 kB/s,2.30 GB/s,0 kB/s,1.50 GB/s
2023-04-02 11:35:20,1.33 GB/s,0 kB/s,11.2 kB/s,921 MB/s,0 kB/s,1.34 GB/s,921 MB/s,0 kB/s,5.40 kB/s,1.34 GB/s,0 kB/s,921 MB/s
2023-04-02 11:35:30,2.10 GB/s,0 kB/s,11.2 kB/s,1.29 GB/s,0 kB/s,2.10 GB/s,1.29 GB/s,0 kB/s,5.40 kB/s,2.10 GB/s,0 kB/s,1.29 GB/s
2023-04-02 11:35:40,1.89 GB/s,0 kB/s,24.5 MB/s,1.20 GB/s,120 kB/s,1.90 GB/s,1.19 GB/s,0 kB/s,725 kB/s,1.90 GB/s,120 kB/s,1.19 GB/s
2023-04-02 11:35:50,1.66 GB/s,0 kB/s,26.8 kB/s,1.05 GB/s,0 kB/s,1.66 GB/s,1.05 GB/s,0 kB/s,15.6 kB/s,1.66 GB/s,0 kB/s,1.05 GB/s
2023-04-02 11:36:00,2.23 GB/s,0 kB/s,11.2 kB/s,1.45 GB/s,0 kB/s,2.24 GB/s,1.45 GB/s,0 kB/s,5.40 kB/s,2.24 GB/s,0 kB/s,1.45 GB/s
2023-04-02 11:36:10,1.49 GB/s,0 kB/s,11.2 kB/s,1.04 GB/s,0 kB/s,1.51 GB/s,1.04 GB/s,0 kB/s,5.40 kB/s,1.51 GB/s,0 kB/s,1.04 GB/s
2023-04-02 11:36:20,3.66 GB/s,0 kB/s,56.5 kB/s,2.30 GB/s,0 kB/s,3.67 GB/s,2.30 GB/s,0 kB/s,290 kB/s,3.67 GB/s,0 kB/s,2.30 GB/s
2023-04-02 11:36:30,3.69 GB/s,0 kB/s,11.2 kB/s,2.89 GB/s,0 kB/s,3.71 GB/s,2.89 GB/s,0 kB/s,5.40 kB/s,3.71 GB/s,0 kB/s,2.89 GB/s
2023-04-02 11:36:40,6.15 GB/s,0 kB/s,0 kB/s,3.69 GB/s,0 kB/s,6.17 GB/s,3.69 GB/s,0 kB/s,0 kB/s,6.17 GB/s,0 kB/s,3.69 GB/s
2023-04-02 11:36:50,5.33 GB/s,0 kB/s,145 kB/s,3.44 GB/s,0 kB/s,5.34 GB/s,3.44 GB/s,0 kB/s,64.4 kB/s,5.34 GB/s,0 kB/s,3.44 GB/s
2023-04-02 11:37:00,7.23 GB/s,0 kB/s,28.4 kB/s,4.19 GB/s,0 kB/s,7.24 GB/s,4.19 GB/s,0 kB/s,15 kB/s,7.24 GB/s,0 kB/s,4.19 GB/s
2023-04-02 11:37:10,3.55 GB/s,0 kB/s,29.8 kB/s,2.31 GB/s,0 kB/s,3.57 GB/s,2.31 GB/s,0 kB/s,16.2 kB/s,3.57 GB/s,0 kB/s,2.31 GB/s
2023-04-02 11:37:20,4.52 GB/s,0 kB/s,5.60 kB/s,2.95 GB/s,0 kB/s,4.54 GB/s,2.95 GB/s,0 kB/s,5.40 kB/s,4.54 GB/s,0 kB/s,2.95 GB/s
2023-04-02 11:37:30,4.65 GB/s,0 kB/s,16.8 kB/s,2.97 GB/s,0 kB/s,4.67 GB/s,2.97 GB/s,0 kB/s,10.8 kB/s,4.67 GB/s,0 kB/s,2.97 GB/s
2023-04-02 11:37:40,5.27 GB/s,0 kB/s,5.60 kB/s,3.39 GB/s,0 kB/s,5.29 GB/s,3.39 GB/s,0 kB/s,5.40 kB/s,5.29 GB/s,0 kB/s,3.39 GB/s
2023-04-02 11:37:50,4.98 GB/s,0 kB/s,34 kB/s,3.21 GB/s,0 kB/s,5.00 GB/s,3.21 GB/s,0 kB/s,22.7 kB/s,5.00 GB/s,0 kB/s,3.21 GB/s
2023-04-02 11:38:00,3.44 GB/s,0 kB/s,16.8 kB/s,2.26 GB/s,0 kB/s,3.46 GB/s,2.26 GB/s,0 kB/s,10.8 kB/s,3.46 GB/s,0 kB/s,2.26 GB/s
2023-04-02 11:38:10,4.29 GB/s,0 kB/s,0 kB/s,2.68 GB/s,0 kB/s,4.30 GB/s,2.68 GB/s,0 kB/s,0 kB/s,4.31 GB/s,0 kB/s,2.68 GB/s
2023-04-02 11:38:20,4.33 GB/s,0 kB/s,56.5 kB/s,2.81 GB/s,0 kB/s,4.34 GB/s,2.81 GB/s,0 kB/s,291 kB/s,4.34 GB/s,0 kB/s,2.81 GB/s
2023-04-02 11:38:30,3.48 GB/s,0 kB/s,0 kB/s,2.26 GB/s,0 kB/s,3.50 GB/s,2.26 GB/s,0 kB/s,0 kB/s,3.50 GB/s,0 kB/s,2.26 GB/s
2023-04-02 11:38:40,3.87 GB/s,0 kB/s,28 kB/s,2.52 GB/s,0 kB/s,3.89 GB/s,2.52 GB/s,0 kB/s,16.2 kB/s,3.89 GB/s,0 kB/s,2.52 GB/s
2023-04-02 11:38:50,4.03 GB/s,0 kB/s,17.2 kB/s,2.67 GB/s,0 kB/s,4.06 GB/s,2.67 GB/s,0 kB/s,16.2 kB/s,4.06 GB/s,0 kB/s,2.67 GB/s
2023-04-02 11:39:00,2.24 GB/s,0 kB/s,0 kB/s,1.53 GB/s,0 kB/s,2.25 GB/s,1.53 GB/s,0 kB/s,0 kB/s,2.25 GB/s,0 kB/s,1.53 GB/s
2023-04-02 11:39:10,2.93 GB/s,0 kB/s,17.2 kB/s,1.77 GB/s,0 kB/s,2.94 GB/s,1.77 GB/s,0 kB/s,9.60 kB/s,2.94 GB/s,0 kB/s,1.77 GB/s
2023-04-02 11:39:20,2.45 GB/s,0 kB/s,17 kB/s,1.65 GB/s,0 kB/s,2.47 GB/s,1.65 GB/s,0 kB/s,10.8 kB/s,2.47 GB/s,0 kB/s,1.65 GB/s
2023-04-02 11:39:30,4.30 GB/s,0 kB/s,0 kB/s,2.76 GB/s,0 kB/s,4.32 GB/s,2.76 GB/s,0 kB/s,0 kB/s,4.32 GB/s,0 kB/s,2.76 GB/s
2023-04-02 11:39:40,3.70 GB/s,0 kB/s,5.80 kB/s,2.30 GB/s,0 kB/s,3.71 GB/s,2.30 GB/s,0 kB/s,5.40 kB/s,3.71 GB/s,0 kB/s,2.30 GB/s
2023-04-02 11:39:50,4.62 GB/s,0 kB/s,5.60 kB/s,2.89 GB/s,0 kB/s,4.62 GB/s,2.89 GB/s,0 kB/s,5.40 kB/s,4.63 GB/s,0 kB/s,2.89 GB/s
2023-04-02 11:40:00,2.82 GB/s,0 kB/s,28.4 kB/s,2.13 GB/s,0 kB/s,2.83 GB/s,2.13 GB/s,0 kB/s,15 kB/s,2.83 GB/s,0 kB/s,2.13 GB/s
2023-04-02 11:40:10,4.55 GB/s,0 kB/s,22.4 kB/s,2.53 GB/s,0 kB/s,4.55 GB/s,2.53 GB/s,0 kB/s,10.8 kB/s,4.55 GB/s,0 kB/s,2.53 GB/s
2023-04-02 11:40:20,3.86 GB/s,0 kB/s,78.9 kB/s,2.57 GB/s,0 kB/s,3.88 GB/s,2.57 GB/s,0 kB/s,298 kB/s,3.88 GB/s,0 kB/s,2.57 GB/s
2023-04-02 11:40:30,3.44 GB/s,0 kB/s,11.2 kB/s,2.07 GB/s,0 kB/s,3.45 GB/s,2.07 GB/s,0 kB/s,5.40 kB/s,3.45 GB/s,0 kB/s,2.07 GB/s
2023-04-02 11:40:40,2.89 GB/s,0 kB/s,0 kB/s,2.05 GB/s,0 kB/s,2.90 GB/s,2.05 GB/s,0 kB/s,0 kB/s,2.90 GB/s,0 kB/s,2.05 GB/s
2023-04-02 11:40:50,2.08 GB/s,0 kB/s,11.6 kB/s,1.08 GB/s,0 kB/s,2.09 GB/s,1.08 GB/s,0 kB/s,10.8 kB/s,2.09 GB/s,0 kB/s,1.08 GB/s
2023-04-02 11:41:00,2.18 GB/s,0 kB/s,0 kB/s,1.40 GB/s,0 kB/s,2.19 GB/s,1.39 GB/s,0 kB/s,0 kB/s,2.19 GB/s,0 kB/s,1.39 GB/s
2023-04-02 11:41:10,2.97 GB/s,0 kB/s,13 kB/s,1.93 GB/s,0 kB/s,2.98 GB/s,1.93 GB/s,0 kB/s,10.8 kB/s,2.98 GB/s,0 kB/s,1.93 GB/s
2023-04-02 11:41:20,4.43 GB/s,0 kB/s,6 kB/s,2.70 GB/s,0 kB/s,4.44 GB/s,2.70 GB/s,0 kB/s,4.20 kB/s,4.44 GB/s,0 kB/s,2.70 GB/s
2023-04-02 11:41:30,3.80 GB/s,0 kB/s,0 kB/s,2.43 GB/s,0 kB/s,3.81 GB/s,2.43 GB/s,0 kB/s,0 kB/s,3.81 GB/s,0 kB/s,2.43 GB/s
2023-04-02 11:41:40,3.62 GB/s,0 kB/s,23.4 kB/s,2.30 GB/s,0 kB/s,3.63 GB/s,2.30 GB/s,0 kB/s,20.4 kB/s,3.63 GB/s,0 kB/s,2.30 GB/s
2023-04-02 11:41:50,2.27 GB/s,0 kB/s,7 kB/s,1.42 GB/s,0 kB/s,2.28 GB/s,1.42 GB/s,0 kB/s,0 kB/s,2.28 GB/s,0 kB/s,1.42 GB/s
2023-04-02 11:42:00,845 MB/s,0 kB/s,11.2 kB/s,642 MB/s,0 kB/s,857 MB/s,642 MB/s,0 kB/s,5.40 kB/s,858 MB/s,0 kB/s,642 MB/s
2023-04-02 11:42:10,3.12 GB/s,0 kB/s,11.6 kB/s,1.94 GB/s,0 kB/s,3.13 GB/s,1.94 GB/s,0 kB/s,9.60 kB/s,3.13 GB/s,0 kB/s,1.94 GB/s
2023-04-02 11:42:20,2.53 GB/s,0 kB/s,56.5 kB/s,1.93 GB/s,0 kB/s,2.54 GB/s,1.93 GB/s,0 kB/s,292 kB/s,2.54 GB/s,0 kB/s,1.93 GB/s
2023-04-02 11:42:30,5.45 GB/s,0 kB/s,0 kB/s,3.14 GB/s,0 kB/s,5.46 GB/s,3.14 GB/s,0 kB/s,0 kB/s,5.46 GB/s,0 kB/s,3.14 GB/s
2023-04-02 11:42:40,4.10 GB/s,0 kB/s,6.60 kB/s,2.83 GB/s,0 kB/s,4.11 GB/s,2.83 GB/s,0 kB/s,9.40 kB/s,4.12 GB/s,0 kB/s,2.83 GB/s
2023-04-02 11:42:50,5.66 GB/s,0 kB/s,5.60 kB/s,3.34 GB/s,0 kB/s,5.67 GB/s,3.34 GB/s,0 kB/s,7.20 kB/s,5.67 GB/s,0 kB/s,3.34 GB/s
2023-04-02 11:43:00,3.31 GB/s,0 kB/s,0 kB/s,2.21 GB/s,0 kB/s,3.33 GB/s,2.21 GB/s,0 kB/s,0 kB/s,3.33 GB/s,0 kB/s,2.21 GB/s
2023-04-02 11:43:10,2.65 GB/s,0 kB/s,0 kB/s,2.01 GB/s,0 kB/s,2.67 GB/s,2.01 GB/s,0 kB/s,0 kB/s,2.67 GB/s,0 kB/s,2.01 GB/s
2023-04-02 11:43:20,3.32 GB/s,0 kB/s,47.6 kB/s,2.05 GB/s,0 kB/s,3.33 GB/s,2.05 GB/s,0 kB/s,34.8 kB/s,3.34 GB/s,0 kB/s,2.05 GB/s
2023-04-02 11:43:30,5.34 GB/s,0 kB/s,16.8 kB/s,3.13 GB/s,0 kB/s,5.35 GB/s,3.13 GB/s,0 kB/s,10.8 kB/s,5.35 GB/s,0 kB/s,3.13 GB/s
2023-04-02 11:43:40,3.13 GB/s,0 kB/s,0 kB/s,1.97 GB/s,0 kB/s,3.14 GB/s,1.97 GB/s,0 kB/s,0 kB/s,3.14 GB/s,0 kB/s,1.97 GB/s
2023-04-02 11:43:50,2.76 GB/s,0 kB/s,11.2 kB/s,1.83 GB/s,0 kB/s,2.78 GB/s,1.83 GB/s,0 kB/s,5.40 kB/s,2.78 GB/s,0 kB/s,1.83 GB/s
2023-04-02 11:44:00,3.99 GB/s,0 kB/s,0 kB/s,2.79 GB/s,0 kB/s,4.00 GB/s,2.79 GB/s,0 kB/s,0 kB/s,4.01 GB/s,0 kB/s,2.79 GB/s
2023-04-02 11:44:10,4.15 GB/s,0 kB/s,0 kB/s,2.70 GB/s,0 kB/s,4.16 GB/s,2.70 GB/s,0 kB/s,0 kB/s,4.16 GB/s,0 kB/s,2.70 GB/s
2023-04-02 11:44:20,4.28 GB/s,0 kB/s,62.1 kB/s,2.67 GB/s,0 kB/s,4.29 GB/s,2.67 GB/s,0 kB/s,296 kB/s,4.29 GB/s,0 kB/s,2.67 GB/s
2023-04-02 11:44:30,2.08 GB/s,0 kB/s,5.60 kB/s,1.01 GB/s,0 kB/s,2.09 GB/s,1.01 GB/s,0 kB/s,5.40 kB/s,2.09 GB/s,0 kB/s,1.01 GB/s
2023-04-02 11:44:40,3.89 GB/s,0 kB/s,5.80 kB/s,2.44 GB/s,0 kB/s,3.89 GB/s,2.44 GB/s,0 kB/s,5.40 kB/s,3.89 GB/s,0 kB/s,2.44 GB/s
2023-04-02 11:44:50,4.32 GB/s,0 kB/s,11.2 kB/s,2.79 GB/s,0 kB/s,4.34 GB/s,2.79 GB/s,0 kB/s,5.40 kB/s,4.34 GB/s,0 kB/s,2.79 GB/s
2023-04-02 11:45:00,5.40 GB/s,0 kB/s,5.60 kB/s,3.43 GB/s,0 kB/s,5.42 GB/s,3.43 GB/s,0 kB/s,5.40 kB/s,5.42 GB/s,0 kB/s,3.43 GB/s
2023-04-02 11:45:10,7.39 GB/s,0 kB/s,16.8 kB/s,4.92 GB/s,0 kB/s,7.41 GB/s,4.92 GB/s,0 kB/s,10.8 kB/s,7.41 GB/s,0 kB/s,4.92 GB/s
2023-04-02 11:45:20,2.78 GB/s,0 kB/s,6 kB/s,2.91 GB/s,0 kB/s,2.80 GB/s,2.91 GB/s,0 kB/s,4.20 kB/s,2.80 GB/s,0 kB/s,2.91 GB/s
2023-04-02 11:45:30,1.85 GB/s,0 kB/s,0 kB/s,2.34 GB/s,0 kB/s,1.87 GB/s,2.34 GB/s,0 kB/s,0 kB/s,1.87 GB/s,0 kB/s,2.34 GB/s
2023-04-02 11:45:40,994 MB/s,0 kB/s,11.2 kB/s,1.24 GB/s,0 kB/s,1.01 GB/s,1.24 GB/s,0 kB/s,5.40 kB/s,1.01 GB/s,0 kB/s,1.24 GB/s
2023-04-02 11:45:50,2.26 GB/s,0 kB/s,0 kB/s,2.92 GB/s,0 kB/s,2.27 GB/s,2.92 GB/s,0 kB/s,0 kB/s,2.27 GB/s,0 kB/s,2.92 GB/s
2023-04-02 11:46:00,475 MB/s,0 kB/s,0 kB/s,767 MB/s,0 kB/s,491 MB/s,767 MB/s,0 kB/s,0 kB/s,492 MB/s,0 kB/s,767 MB/s
2023-04-02 11:46:10,1.97 GB/s,0 kB/s,0 kB/s,2.60 GB/s,0 kB/s,1.99 GB/s,2.60 GB/s,0 kB/s,0 kB/s,1.99 GB/s,0 kB/s,2.60 GB/s
2023-04-02 11:46:20,4.71 GB/s,0 kB/s,62.3 kB/s,2.96 GB/s,0 kB/s,4.74 GB/s,2.96 GB/s,0 kB/s,294 kB/s,4.74 GB/s,0 kB/s,2.96 GB/s
2023-04-02 11:46:30,2.95 GB/s,0 kB/s,5.60 kB/s,1.89 GB/s,0 kB/s,2.97 GB/s,1.89 GB/s,0 kB/s,5.40 kB/s,2.97 GB/s,0 kB/s,1.89 GB/s
2023-04-02 11:46:40,594 MB/s,0 kB/s,5.80 kB/s,397 MB/s,0 kB/s,599 MB/s,396 MB/s,0 kB/s,5.40 kB/s,600 MB/s,0 kB/s,396 MB/s
2023-04-02 11:46:50,1.50 GB/s,0 kB/s,0 kB/s,937 MB/s,0 kB/s,1.51 GB/s,937 MB/s,0 kB/s,0 kB/s,1.51 GB/s,0 kB/s,937 MB/s
2023-04-02 11:47:00,42.8 MB/s,0 kB/s,0 kB/s,37.8 MB/s,0 kB/s,44.1 MB/s,37.8 MB/s,0 kB/s,0 kB/s,45.0 MB/s,0 kB/s,37.8 MB/s
2023-04-02 11:47:10,974 MB/s,0 kB/s,5.80 kB/s,603 MB/s,0 kB/s,976 MB/s,603 MB/s,0 kB/s,5.40 kB/s,977 MB/s,0 kB/s,603 MB/s
2023-04-02 11:47:20,621 MB/s,0 kB/s,11.6 kB/s,472 MB/s,0 kB/s,624 MB/s,472 MB/s,0 kB/s,9.60 kB/s,625 MB/s,0 kB/s,472 MB/s
2023-04-02 11:47:30,1.06 GB/s,0 kB/s,5.80 kB/s,602 MB/s,0 kB/s,1.06 GB/s,602 MB/s,0 kB/s,5.40 kB/s,1.06 GB/s,0 kB/s,602 MB/s
2023-04-02 11:47:40,153 MB/s,0 kB/s,0 kB/s,159 MB/s,0 kB/s,159 MB/s,159 MB/s,0 kB/s,0 kB/s,160 MB/s,0 kB/s,159 MB/s
2023-04-02 11:47:50,668 MB/s,0 kB/s,11.2 kB/s,445 MB/s,0 kB/s,673 MB/s,445 MB/s,0 kB/s,5.40 kB/s,674 MB/s,0 kB/s,445 MB/s
2023-04-02 11:48:00,480 MB/s,0 kB/s,17 kB/s,287 MB/s,0 kB/s,481 MB/s,287 MB/s,0 kB/s,10.8 kB/s,482 MB/s,0 kB/s,287 MB/s
2023-04-02 11:48:10,80.6 MB/s,0 kB/s,23 kB/s,72.6 MB/s,0 kB/s,83.2 MB/s,72.6 MB/s,0 kB/s,15 kB/s,84.1 MB/s,0 kB/s,72.6 MB/s
2023-04-02 11:48:20,35.3 MB/s,0 kB/s,56.5 kB/s,31.9 MB/s,0 kB/s,36.5 MB/s,31.9 MB/s,0 kB/s,295 kB/s,37.4 MB/s,0 kB/s,31.9 MB/s
2023-04-02 11:48:30,477 MB/s,0 kB/s,5.80 kB/s,302 MB/s,0 kB/s,478 MB/s,302 MB/s,0 kB/s,5.40 kB/s,479 MB/s,0 kB/s,302 MB/s
2023-04-02 11:48:40,540 MB/s,0 kB/s,17 kB/s,336 MB/s,0 kB/s,542 MB/s,336 MB/s,0 kB/s,10.8 kB/s,543 MB/s,0 kB/s,336 MB/s
2023-04-02 11:48:50,496 MB/s,0 kB/s,11.8 kB/s,319 MB/s,0 kB/s,498 MB/s,319 MB/s,0 kB/s,9.60 kB/s,499 MB/s,0 kB/s,319 MB/s
2023-04-02 11:49:00,583 MB/s,0 kB/s,0 kB/s,378 MB/s,0 kB/s,585 MB/s,378 MB/s,0 kB/s,0 kB/s,586 MB/s,0 kB/s,378 MB/s
2023-04-02 11:49:10,149 MB/s,0 kB/s,12.1 kB/s,135 MB/s,0 kB/s,154 MB/s,135 MB/s,0 kB/s,14.5 kB/s,155 MB/s,0 kB/s,135 MB/s
2023-04-02 11:49:20,1.55 GB/s,0 kB/s,5.80 kB/s,948 MB/s,0 kB/s,1.55 GB/s,948 MB/s,0 kB/s,5.40 kB/s,1.55 GB/s,0 kB/s,948 MB/s
2023-04-02 11:49:30,588 MB/s,0 kB/s,23 kB/s,409 MB/s,0 kB/s,593 MB/s,409 MB/s,0 kB/s,15 kB/s,594 MB/s,0 kB/s,409 MB/s
2023-04-02 11:49:40,165 MB/s,0 kB/s,0 kB/s,421 MB/s,0 kB/s,170 MB/s,421 MB/s,0 kB/s,0 kB/s,171 MB/s,0 kB/s,421 MB/s
2023-04-02 11:49:50,565 MB/s,0 kB/s,22.4 kB/s,92.0 MB/s,0 kB/s,568 MB/s,92.0 MB/s,0 kB/s,10.8 kB/s,569 MB/s,0 kB/s,92.0 MB/s
2023-04-02 11:50:00,1.53 GB/s,0 kB/s,17.2 kB/s,967 MB/s,0 kB/s,1.53 GB/s,967 MB/s,0 kB/s,9.60 kB/s,1.53 GB/s,0 kB/s,967 MB/s
2023-04-02 11:50:10,200 MB/s,0 kB/s,17 kB/s,464 MB/s,0 kB/s,208 MB/s,464 MB/s,0 kB/s,10.8 kB/s,209 MB/s,0 kB/s,464 MB/s
2023-04-02 11:50:20,3.25 GB/s,0 kB/s,73.3 kB/s,3.32 GB/s,0 kB/s,3.27 GB/s,3.32 GB/s,0 kB/s,299 kB/s,3.27 GB/s,0 kB/s,3.32 GB/s
2023-04-02 11:50:30,6.44 GB/s,0 kB/s,11.4 kB/s,4.91 GB/s,0 kB/s,6.46 GB/s,4.91 GB/s,0 kB/s,10.8 kB/s,6.46 GB/s,0 kB/s,4.91 GB/s
2023-04-02 11:50:40,3.99 GB/s,0 kB/s,11.2 kB/s,2.70 GB/s,0 kB/s,4.01 GB/s,2.70 GB/s,0 kB/s,5.40 kB/s,4.01 GB/s,0 kB/s,2.70 GB/s
2023-04-02 11:50:50,1.83 GB/s,0 kB/s,17.2 kB/s,2.07 GB/s,0 kB/s,1.84 GB/s,2.07 GB/s,0 kB/s,9.60 kB/s,1.76 GB/s,0 kB/s,2.07 GB/s
2023-04-02 11:51:00,4.37 GB/s,0 kB/s,5.60 kB/s,3.56 GB/s,0 kB/s,4.39 GB/s,3.56 GB/s,0 kB/s,5 kB/s,4.47 GB/s,0 kB/s,3.56 GB/s
2023-04-02 11:51:10,1.84 GB/s,0 kB/s,0 kB/s,1.36 GB/s,0 kB/s,1.86 GB/s,1.36 GB/s,0 kB/s,0 kB/s,1.86 GB/s,0 kB/s,1.36 GB/s
2023-04-02 11:51:20,3.43 GB/s,0 kB/s,23 kB/s,2.86 GB/s,0 kB/s,3.45 GB/s,2.86 GB/s,0 kB/s,20.4 kB/s,3.45 GB/s,0 kB/s,2.86 GB/s
2023-04-02 11:51:30,1.02 GB/s,0 kB/s,0 kB/s,804 MB/s,0 kB/s,1.03 GB/s,804 MB/s,0 kB/s,0 kB/s,1.03 GB/s,0 kB/s,804 MB/s
2023-04-02 11:51:40,385 MB/s,0 kB/s,11.2 kB/s,1.06 GB/s,0 kB/s,399 MB/s,1.06 GB/s,0 kB/s,5.40 kB/s,400 MB/s,0 kB/s,1.06 GB/s
2023-04-02 11:51:50,889 MB/s,0 kB/s,23 kB/s,1.31 GB/s,0 kB/s,901 MB/s,1.31 GB/s,0 kB/s,15 kB/s,902 MB/s,0 kB/s,1.31 GB/s
2023-04-02 11:52:00,7.29 GB/s,0 kB/s,0 kB/s,5.31 GB/s,0 kB/s,7.31 GB/s,5.31 GB/s,0 kB/s,0 kB/s,7.31 GB/s,0 kB/s,5.31 GB/s
2023-04-02 11:52:10,315 MB/s,0 kB/s,5.60 kB/s,627 MB/s,0 kB/s,326 MB/s,627 MB/s,0 kB/s,5.40 kB/s,327 MB/s,0 kB/s,627 MB/s
2023-04-02 11:52:20,1.25 GB/s,0 kB/s,68.1 kB/s,2.51 GB/s,0 kB/s,1.26 GB/s,2.51 GB/s,0 kB/s,303 kB/s,1.26 GB/s,0 kB/s,2.51 GB/s
2023-04-02 11:52:30,6.68 GB/s,0 kB/s,5.80 kB/s,4.99 GB/s,0 kB/s,6.69 GB/s,4.99 GB/s,0 kB/s,5.40 kB/s,6.70 GB/s,0 kB/s,4.99 GB/s
2023-04-02 11:52:40,3.40 GB/s,0 kB/s,98 kB/s,2.80 GB/s,0 kB/s,3.42 GB/s,2.80 GB/s,0 kB/s,98 kB/s,3.42 GB/s,0 kB/s,2.80 GB/s
2023-04-02 11:52:50,2.72 GB/s,0 kB/s,11.8 kB/s,1.70 GB/s,0 kB/s,2.73 GB/s,1.70 GB/s,0 kB/s,16.6 kB/s,2.73 GB/s,0 kB/s,1.70 GB/s
2023-04-02 11:53:00,4.87 GB/s,0 kB/s,25.2 kB/s,3.03 GB/s,0 kB/s,4.88 GB/s,3.03 GB/s,0 kB/s,21.8 kB/s,4.88 GB/s,0 kB/s,3.03 GB/s
2023-04-02 11:53:10,3.67 GB/s,0 kB/s,6 kB/s,2.28 GB/s,0 kB/s,3.68 GB/s,2.28 GB/s,0 kB/s,4.20 kB/s,3.68 GB/s,0 kB/s,2.28 GB/s
2023-04-02 11:53:20,3.97 GB/s,0 kB/s,11.8 kB/s,2.46 GB/s,0 kB/s,3.98 GB/s,2.46 GB/s,0 kB/s,9.60 kB/s,3.98 GB/s,0 kB/s,2.46 GB/s
2023-04-02 11:53:30,2.79 GB/s,0 kB/s,33.6 kB/s,1.78 GB/s,0 kB/s,2.80 GB/s,1.78 GB/s,0 kB/s,28.7 kB/s,2.80 GB/s,0 kB/s,1.78 GB/s
2023-04-02 11:53:40,2.43 GB/s,0 kB/s,11.2 kB/s,1.67 GB/s,0 kB/s,2.45 GB/s,1.67 GB/s,0 kB/s,5.40 kB/s,2.45 GB/s,0 kB/s,1.67 GB/s
2023-04-02 11:53:50,3.20 GB/s,0 kB/s,124 kB/s,2.02 GB/s,0 kB/s,3.21 GB/s,2.02 GB/s,0 kB/s,68.6 kB/s,3.21 GB/s,0 kB/s,2.02 GB/s
2023-04-02 11:54:00,3.20 GB/s,0 kB/s,11.4 kB/s,2.08 GB/s,0 kB/s,3.22 GB/s,2.08 GB/s,0 kB/s,10.8 kB/s,3.22 GB/s,0 kB/s,2.08 GB/s
2023-04-02 11:54:10,2.64 GB/s,0 kB/s,11.2 kB/s,1.70 GB/s,0 kB/s,2.66 GB/s,1.70 GB/s,0 kB/s,10.8 kB/s,2.66 GB/s,0 kB/s,1.70 GB/s
2023-04-02 11:54:20,3.28 GB/s,0 kB/s,66.3 kB/s,2.10 GB/s,0 kB/s,3.29 GB/s,2.10 GB/s,0 kB/s,299 kB/s,3.29 GB/s,0 kB/s,2.10 GB/s
2023-04-02 11:54:30,1.53 GB/s,0 kB/s,0 kB/s,1.24 GB/s,0 kB/s,1.54 GB/s,1.24 GB/s,0 kB/s,0 kB/s,1.55 GB/s,0 kB/s,1.24 GB/s
2023-04-02 11:54:40,746 MB/s,0 kB/s,0 kB/s,437 MB/s,0 kB/s,751 MB/s,437 MB/s,0 kB/s,0 kB/s,752 MB/s,0 kB/s,437 MB/s
2023-04-02 11:54:50,407 MB/s,0 kB/s,28.4 kB/s,300 MB/s,0 kB/s,407 MB/s,300 MB/s,0 kB/s,20.4 kB/s,408 MB/s,0 kB/s,300 MB/s
2023-04-02 11:55:00,380 MB/s,0 kB/s,0 kB/s,48.8 MB/s,0 kB/s,382 MB/s,48.7 MB/s,0 kB/s,0 kB/s,383 MB/s,0 kB/s,48.7 MB/s
2023-04-02 11:55:10,508 MB/s,0 kB/s,11.2 kB/s,311 MB/s,0 kB/s,509 MB/s,311 MB/s,0 kB/s,5.40 kB/s,510 MB/s,0 kB/s,311 MB/s
2023-04-02 11:55:20,178 MB/s,0 kB/s,11.2 kB/s,341 MB/s,0 kB/s,179 MB/s,341 MB/s,0 kB/s,5.40 kB/s,180 MB/s,0 kB/s,341 MB/s
2023-04-02 11:55:30,880 MB/s,0 kB/s,39.6 kB/s,328 MB/s,0 kB/s,881 MB/s,328 MB/s,0 kB/s,20.4 kB/s,881 MB/s,0 kB/s,328 MB/s
2023-04-02 11:55:40,118 MB/s,0 kB/s,41.2 kB/s,103 MB/s,0 kB/s,122 MB/s,103 MB/s,0 kB/s,34.3 kB/s,123 MB/s,0 kB/s,103 MB/s
2023-04-02 11:55:50,665 MB/s,0 kB/s,0 kB/s,701 MB/s,0 kB/s,667 MB/s,701 MB/s,0 kB/s,0 kB/s,668 MB/s,0 kB/s,701 MB/s
2023-04-02 11:56:00,917 MB/s,0 kB/s,5.60 kB/s,279 MB/s,0 kB/s,917 MB/s,279 MB/s,0 kB/s,5.40 kB/s,918 MB/s,0 kB/s,279 MB/s
2023-04-02 11:56:10,649 MB/s,0 kB/s,6 kB/s,437 MB/s,0 kB/s,653 MB/s,437 MB/s,0 kB/s,4.20 kB/s,654 MB/s,0 kB/s,437 MB/s
2023-04-02 11:56:20,531 MB/s,0 kB/s,67.7 kB/s,328 MB/s,0 kB/s,533 MB/s,328 MB/s,0 kB/s,303 kB/s,534 MB/s,0 kB/s,328 MB/s
2023-04-02 11:56:30,532 MB/s,0 kB/s,0 kB/s,338 MB/s,0 kB/s,533 MB/s,338 MB/s,0 kB/s,0 kB/s,534 MB/s,0 kB/s,338 MB/s
2023-04-02 11:56:40,1.52 GB/s,0 kB/s,0 kB/s,951 MB/s,0 kB/s,1.53 GB/s,951 MB/s,0 kB/s,0 kB/s,1.53 GB/s,0 kB/s,951 MB/s
2023-04-02 11:56:50,164 MB/s,0 kB/s,5.60 kB/s,168 MB/s,0 kB/s,170 MB/s,168 MB/s,0 kB/s,5.40 kB/s,171 MB/s,0 kB/s,168 MB/s
2023-04-02 11:57:00,1.67 GB/s,0 kB/s,6 kB/s,1.04 GB/s,0 kB/s,1.67 GB/s,1.04 GB/s,0 kB/s,4.20 kB/s,1.67 GB/s,0 kB/s,1.04 GB/s
2023-04-02 11:57:10,109 MB/s,0 kB/s,5.60 kB/s,84.5 MB/s,0 kB/s,112 MB/s,84.4 MB/s,0 kB/s,5.40 kB/s,113 MB/s,0 kB/s,84.4 MB/s
2023-04-02 11:57:20,937 MB/s,0 kB/s,0 kB/s,587 MB/s,0 kB/s,940 MB/s,587 MB/s,0 kB/s,0 kB/s,941 MB/s,0 kB/s,587 MB/s
2023-04-02 11:57:30,466 MB/s,0 kB/s,34.2 kB/s,291 MB/s,0 kB/s,467 MB/s,291 MB/s,0 kB/s,20.4 kB/s,468 MB/s,0 kB/s,291 MB/s
2023-04-02 11:57:40,588 MB/s,0 kB/s,11.2 kB/s,375 MB/s,0 kB/s,590 MB/s,375 MB/s,0 kB/s,5.40 kB/s,591 MB/s,0 kB/s,375 MB/s
2023-04-02 11:57:50,966 MB/s,0 kB/s,0 kB/s,616 MB/s,0 kB/s,968 MB/s,616 MB/s,0 kB/s,0 kB/s,969 MB/s,0 kB/s,616 MB/s
2023-04-02 11:58:00,658 MB/s,0 kB/s,0 kB/s,422 MB/s,0 kB/s,662 MB/s,422 MB/s,0 kB/s,0 kB/s,663 MB/s,0 kB/s,422 MB/s
2023-04-02 11:58:10,1.96 GB/s,0 kB/s,0 kB/s,1.20 GB/s,0 kB/s,1.96 GB/s,1.20 GB/s,0 kB/s,0 kB/s,1.96 GB/s,0 kB/s,1.20 GB/s
2023-04-02 11:58:20,513 MB/s,0 kB/s,56.5 kB/s,327 MB/s,0 kB/s,515 MB/s,327 MB/s,0 kB/s,291 kB/s,516 MB/s,0 kB/s,327 MB/s
2023-04-02 11:58:30,1.10 GB/s,0 kB/s,11.2 kB/s,685 MB/s,0 kB/s,1.10 GB/s,685 MB/s,0 kB/s,5.40 kB/s,1.10 GB/s,0 kB/s,685 MB/s
2023-04-02 11:58:40,913 MB/s,0 kB/s,0 kB/s,568 MB/s,0 kB/s,915 MB/s,568 MB/s,0 kB/s,0 kB/s,916 MB/s,0 kB/s,568 MB/s
2023-04-02 11:58:50,1.05 GB/s,0 kB/s,0 kB/s,667 MB/s,0 kB/s,1.05 GB/s,667 MB/s,0 kB/s,0 kB/s,1.05 GB/s,0 kB/s,667 MB/s
2023-04-02 11:59:00,127 MB/s,0 kB/s,0 kB/s,117 MB/s,0 kB/s,131 MB/s,117 MB/s,0 kB/s,0 kB/s,132 MB/s,0 kB/s,117 MB/s
2023-04-02 11:59:10,602 MB/s,0 kB/s,0 kB/s,389 MB/s,0 kB/s,606 MB/s,389 MB/s,0 kB/s,0 kB/s,607 MB/s,0 kB/s,389 MB/s
2023-04-02 11:59:20,1.45 GB/s,0 kB/s,0 kB/s,939 MB/s,0 kB/s,1.46 GB/s,939 MB/s,0 kB/s,0 kB/s,1.46 GB/s,0 kB/s,939 MB/s
2023-04-02 11:59:30,1.66 GB/s,0 kB/s,11.8 kB/s,1.05 GB/s,0 kB/s,1.67 GB/s,1.05 GB/s,0 kB/s,9.60 kB/s,1.67 GB/s,0 kB/s,1.05 GB/s
2023-04-02 11:59:40,573 MB/s,0 kB/s,0 kB/s,392 MB/s,0 kB/s,578 MB/s,392 MB/s,0 kB/s,0 kB/s,579 MB/s,0 kB/s,392 MB/s
2023-04-02 11:59:50,1.16 GB/s,0 kB/s,5.60 kB/s,996 MB/s,0 kB/s,1.17 GB/s,996 MB/s,0 kB/s,5.40 kB/s,1.17 GB/s,0 kB/s,996 MB/s
2023-04-02 12:00:00,1.69 GB/s,0 kB/s,0 kB/s,830 MB/s,0 kB/s,1.69 GB/s,830 MB/s,0 kB/s,0 kB/s,1.70 GB/s,0 kB/s,830 MB/s
2023-04-02 12:00:10,1.54 GB/s,0 kB/s,11.2 kB/s,995 MB/s,0 kB/s,1.54 GB/s,995 MB/s,0 kB/s,10.8 kB/s,1.55 GB/s,0 kB/s,995 MB/s
2023-04-02 12:00:20,560 MB/s,0 kB/s,42.6 kB/s,349 MB/s,0 kB/s,562 MB/s,349 MB/s,0 kB/s,293 kB/s,563 MB/s,0 kB/s,349 MB/s
2023-04-02 12:00:30,2.06 GB/s,0 kB/s,34.7 kB/s,1.28 GB/s,0 kB/s,2.07 GB/s,1.28 GB/s,0 kB/s,28.2 kB/s,2.07 GB/s,0 kB/s,1.28 GB/s
2023-04-02 12:00:40,2.01 GB/s,0 kB/s,0 kB/s,1.26 GB/s,0 kB/s,2.01 GB/s,1.26 GB/s,0 kB/s,0 kB/s,2.01 GB/s,0 kB/s,1.26 GB/s
2023-04-02 12:00:50,1.12 GB/s,0 kB/s,16.8 kB/s,722 MB/s,0 kB/s,1.12 GB/s,722 MB/s,0 kB/s,10.8 kB/s,1.12 GB/s,0 kB/s,722 MB/s
2023-04-02 12:01:00,2.11 GB/s,0 kB/s,5.60 kB/s,1.36 GB/s,0 kB/s,2.11 GB/s,1.36 GB/s,0 kB/s,5.40 kB/s,2.12 GB/s,0 kB/s,1.36 GB/s
2023-04-02 12:01:10,299 MB/s,0 kB/s,0 kB/s,300 MB/s,0 kB/s,310 MB/s,299 MB/s,0 kB/s,0 kB/s,311 MB/s,0 kB/s,299 MB/s
2023-04-02 12:01:20,1.09 GB/s,0 kB/s,11.6 kB/s,701 MB/s,0 kB/s,1.10 GB/s,701 MB/s,0 kB/s,9.60 kB/s,1.10 GB/s,0 kB/s,701 MB/s
2023-04-02 12:01:30,1.59 GB/s,0 kB/s,0 kB/s,1.05 GB/s,0 kB/s,1.60 GB/s,1.05 GB/s,0 kB/s,0 kB/s,1.60 GB/s,0 kB/s,1.05 GB/s
2023-04-02 12:01:40,1.19 GB/s,0 kB/s,5.60 kB/s,761 MB/s,0 kB/s,1.20 GB/s,761 MB/s,0 kB/s,5.40 kB/s,1.20 GB/s,0 kB/s,761 MB/s
2023-04-02 12:01:50,1.10 GB/s,0 kB/s,0 kB/s,707 MB/s,0 kB/s,1.10 GB/s,706 MB/s,0 kB/s,0 kB/s,1.10 GB/s,0 kB/s,706 MB/s
2023-04-02 12:02:00,1.55 GB/s,0 kB/s,0 kB/s,987 MB/s,0 kB/s,1.55 GB/s,986 MB/s,0 kB/s,0 kB/s,1.55 GB/s,0 kB/s,986 MB/s
2023-04-02 12:02:10,1.08 GB/s,0 kB/s,17.2 kB/s,706 MB/s,0 kB/s,1.09 GB/s,706 MB/s,0 kB/s,9.60 kB/s,1.09 GB/s,0 kB/s,706 MB/s
2023-04-02 12:02:20,520 MB/s,0 kB/s,106 kB/s,342 MB/s,0 kB/s,522 MB/s,341 MB/s,0 kB/s,125 kB/s,523 MB/s,0 kB/s,341 MB/s
2023-04-02 12:02:30,1.08 GB/s,0 kB/s,0 kB/s,687 MB/s,0 kB/s,1.08 GB/s,687 MB/s,0 kB/s,0 kB/s,1.08 GB/s,0 kB/s,687 MB/s
2023-04-02 12:02:40,1.06 GB/s,0 kB/s,11.2 kB/s,677 MB/s,0 kB/s,1.07 GB/s,677 MB/s,0 kB/s,5.40 kB/s,1.07 GB/s,0 kB/s,677 MB/s
2023-04-02 12:02:50,1.74 GB/s,0 kB/s,11.2 kB/s,1.13 GB/s,0 kB/s,1.75 GB/s,1.13 GB/s,0 kB/s,14.9 kB/s,1.75 GB/s,0 kB/s,1.13 GB/s
2023-04-02 12:03:00,1.18 GB/s,0 kB/s,6 kB/s,758 MB/s,0 kB/s,1.19 GB/s,758 MB/s,0 kB/s,4.20 kB/s,1.19 GB/s,0 kB/s,758 MB/s
2023-04-02 12:03:10,1.99 GB/s,0 kB/s,11.2 kB/s,1.27 GB/s,0 kB/s,2.00 GB/s,1.27 GB/s,0 kB/s,5.40 kB/s,2.00 GB/s,0 kB/s,1.27 GB/s
2023-04-02 12:03:20,1.63 GB/s,0 kB/s,17.9 kB/s,1.02 GB/s,0 kB/s,1.64 GB/s,1.02 GB/s,0 kB/s,20.5 kB/s,1.64 GB/s,0 kB/s,1.02 GB/s
2023-04-02 12:03:30,2.53 GB/s,0 kB/s,0 kB/s,1.92 GB/s,0 kB/s,2.53 GB/s,1.92 GB/s,0 kB/s,0 kB/s,2.54 GB/s,0 kB/s,1.92 GB/s
2023-04-02 12:03:40,1.66 GB/s,0 kB/s,104 kB/s,717 MB/s,0 kB/s,1.67 GB/s,717 MB/s,0 kB/s,102 kB/s,1.67 GB/s,0 kB/s,717 MB/s
2023-04-02 12:03:50,1.64 GB/s,0 kB/s,16.8 kB/s,1.09 GB/s,0 kB/s,1.65 GB/s,1.09 GB/s,0 kB/s,10.8 kB/s,1.65 GB/s,0 kB/s,1.09 GB/s
2023-04-02 12:04:00,5.82 GB/s,0 kB/s,14.6 kB/s,3.68 GB/s,0 kB/s,5.84 GB/s,3.68 GB/s,0 kB/s,9 kB/s,5.84 GB/s,0 kB/s,3.68 GB/s
2023-04-02 12:04:10,4.64 GB/s,0 kB/s,11.8 kB/s,2.98 GB/s,0 kB/s,4.65 GB/s,2.98 GB/s,0 kB/s,9.60 kB/s,4.66 GB/s,0 kB/s,2.98 GB/s
2023-04-02 12:04:20,1.80 GB/s,0 kB/s,56.5 kB/s,3.24 GB/s,0 kB/s,1.82 GB/s,3.24 GB/s,0 kB/s,287 kB/s,1.82 GB/s,0 kB/s,3.24 GB/s
2023-04-02 12:04:30,6.78 GB/s,0 kB/s,7.40 kB/s,4.01 GB/s,0 kB/s,6.80 GB/s,4.01 GB/s,0 kB/s,5.40 kB/s,6.80 GB/s,0 kB/s,4.01 GB/s
2023-04-02 12:04:40,4.83 GB/s,0 kB/s,0 kB/s,3.25 GB/s,0 kB/s,4.85 GB/s,3.25 GB/s,0 kB/s,0 kB/s,4.85 GB/s,0 kB/s,3.25 GB/s
2023-04-02 12:04:50,3.96 GB/s,0 kB/s,17 kB/s,2.41 GB/s,0 kB/s,3.98 GB/s,2.41 GB/s,0 kB/s,10.8 kB/s,3.98 GB/s,0 kB/s,2.41 GB/s
2023-04-02 12:05:00,6.39 GB/s,0 kB/s,6 kB/s,4.37 GB/s,0 kB/s,6.41 GB/s,4.37 GB/s,0 kB/s,4.20 kB/s,6.41 GB/s,0 kB/s,4.37 GB/s
2023-04-02 12:05:10,3.84 GB/s,0 kB/s,8.20 kB/s,4.14 GB/s,0 kB/s,3.86 GB/s,4.14 GB/s,0 kB/s,11 kB/s,3.86 GB/s,0 kB/s,4.14 GB/s
2023-04-02 12:05:20,5.88 GB/s,0 kB/s,5.80 kB/s,3.72 GB/s,0 kB/s,5.90 GB/s,3.72 GB/s,0 kB/s,5.40 kB/s,5.90 GB/s,0 kB/s,3.72 GB/s
2023-04-02 12:05:30,235 MB/s,0 kB/s,0 kB/s,123 MB/s,0 kB/s,240 MB/s,123 MB/s,0 kB/s,0 kB/s,241 MB/s,0 kB/s,123 MB/s
2023-04-02 12:05:40,595 MB/s,0 kB/s,49 kB/s,384 MB/s,0 kB/s,598 MB/s,384 MB/s,0 kB/s,49 kB/s,599 MB/s,0 kB/s,384 MB/s
2023-04-02 12:05:50,560 MB/s,0 kB/s,88.6 kB/s,367 MB/s,0 kB/s,563 MB/s,367 MB/s,0 kB/s,69.4 kB/s,564 MB/s,0 kB/s,367 MB/s
2023-04-02 12:06:00,1.04 GB/s,0 kB/s,5.80 kB/s,639 MB/s,0 kB/s,1.04 GB/s,639 MB/s,0 kB/s,5.40 kB/s,1.05 GB/s,0 kB/s,639 MB/s
2023-04-02 12:06:10,521 MB/s,0 kB/s,11.2 kB/s,341 MB/s,0 kB/s,524 MB/s,341 MB/s,0 kB/s,5.40 kB/s,525 MB/s,0 kB/s,341 MB/s
2023-04-02 12:06:20,960 MB/s,0 kB/s,67.7 kB/s,604 MB/s,0 kB/s,962 MB/s,604 MB/s,0 kB/s,292 kB/s,963 MB/s,0 kB/s,604 MB/s
2023-04-02 12:06:30,439 MB/s,0 kB/s,11.2 kB/s,269 MB/s,0 kB/s,439 MB/s,269 MB/s,0 kB/s,5.40 kB/s,440 MB/s,0 kB/s,269 MB/s
2023-04-02 12:06:40,526 MB/s,0 kB/s,0 kB/s,343 MB/s,0 kB/s,528 MB/s,343 MB/s,0 kB/s,0 kB/s,529 MB/s,0 kB/s,343 MB/s
2023-04-02 12:06:50,554 MB/s,0 kB/s,11.2 kB/s,359 MB/s,0 kB/s,556 MB/s,359 MB/s,0 kB/s,10.8 kB/s,557 MB/s,0 kB/s,359 MB/s
2023-04-02 12:07:00,573 MB/s,0 kB/s,11.6 kB/s,351 MB/s,0 kB/s,574 MB/s,351 MB/s,0 kB/s,9.60 kB/s,575 MB/s,0 kB/s,351 MB/s
2023-04-02 12:07:10,501 MB/s,0 kB/s,0 kB/s,307 MB/s,0 kB/s,501 MB/s,307 MB/s,0 kB/s,0 kB/s,502 MB/s,0 kB/s,307 MB/s
2023-04-02 12:07:20,135 MB/s,0 kB/s,11.2 kB/s,124 MB/s,0 kB/s,140 MB/s,124 MB/s,0 kB/s,10.8 kB/s,141 MB/s,0 kB/s,124 MB/s
2023-04-02 12:07:30,2.14 MB/s,0 kB/s,0 kB/s,1.63 MB/s,0 kB/s,2.18 MB/s,1.59 MB/s,0 kB/s,0 kB/s,3.12 MB/s,0 kB/s,1.59 MB/s
2023-04-02 12:07:40,60.3 MB/s,0 kB/s,0 kB/s,54.1 MB/s,0 kB/s,62.2 MB/s,54.0 MB/s,0 kB/s,0 kB/s,63.1 MB/s,0 kB/s,54.0 MB/s
2023-04-02 12:07:50,596 MB/s,0 kB/s,0 kB/s,378 MB/s,0 kB/s,598 MB/s,378 MB/s,0 kB/s,0 kB/s,598 MB/s,0 kB/s,378 MB/s
2023-04-02 12:08:00,58.6 MB/s,0 kB/s,0 kB/s,52.6 MB/s,0 kB/s,60.5 MB/s,52.5 MB/s,0 kB/s,0 kB/s,61.5 MB/s,0 kB/s,52.5 MB/s
2023-04-02 12:08:10,1.02 GB/s,0 kB/s,22.8 kB/s,623 MB/s,0 kB/s,1.02 GB/s,623 MB/s,0 kB/s,15 kB/s,1.02 GB/s,0 kB/s,623 MB/s
2023-04-02 12:08:20,628 MB/s,0 kB/s,56.5 kB/s,414 MB/s,0 kB/s,631 MB/s,414 MB/s,0 kB/s,289 kB/s,632 MB/s,0 kB/s,414 MB/s
2023-04-02 12:08:30,1.47 GB/s,0 kB/s,0 kB/s,899 MB/s,0 kB/s,1.47 GB/s,899 MB/s,0 kB/s,0 kB/s,1.47 GB/s,0 kB/s,899 MB/s
2023-04-02 12:08:40,502 MB/s,0 kB/s,5.60 kB/s,307 MB/s,0 kB/s,502 MB/s,307 MB/s,0 kB/s,5.40 kB/s,503 MB/s,0 kB/s,307 MB/s
2023-04-02 12:08:50,990 MB/s,0 kB/s,5.60 kB/s,607 MB/s,0 kB/s,990 MB/s,607 MB/s,0 kB/s,5.40 kB/s,991 MB/s,0 kB/s,607 MB/s
2023-04-02 12:09:00,582 MB/s,0 kB/s,5.60 kB/s,381 MB/s,0 kB/s,585 MB/s,381 MB/s,0 kB/s,5.40 kB/s,586 MB/s,0 kB/s,381 MB/s
2023-04-02 12:09:10,567 MB/s,0 kB/s,22.8 kB/s,372 MB/s,0 kB/s,570 MB/s,372 MB/s,0 kB/s,15 kB/s,571 MB/s,0 kB/s,372 MB/s
2023-04-02 12:09:20,3.07 GB/s,0 kB/s,5.60 kB/s,2.24 GB/s,0 kB/s,3.08 GB/s,2.24 GB/s,0 kB/s,5.40 kB/s,3.08 GB/s,0 kB/s,2.24 GB/s
2023-04-02 12:09:30,6.28 GB/s,0 kB/s,11.2 kB/s,3.64 GB/s,0 kB/s,6.30 GB/s,3.64 GB/s,0 kB/s,5.40 kB/s,6.30 GB/s,0 kB/s,3.64 GB/s
2023-04-02 12:09:40,2.46 GB/s,0 kB/s,11.2 kB/s,1.67 GB/s,0 kB/s,2.48 GB/s,1.67 GB/s,0 kB/s,5.40 kB/s,2.48 GB/s,0 kB/s,1.67 GB/s
2023-04-02 12:09:50,6.56 GB/s,0 kB/s,0 kB/s,4.40 GB/s,0 kB/s,6.58 GB/s,4.40 GB/s,0 kB/s,0 kB/s,6.58 GB/s,0 kB/s,4.40 GB/s
2023-04-02 12:10:00,3.72 GB/s,0 kB/s,0 kB/s,2.49 GB/s,0 kB/s,3.73 GB/s,2.49 GB/s,0 kB/s,0 kB/s,3.73 GB/s,0 kB/s,2.49 GB/s
2023-04-02 12:10:10,2.96 GB/s,0 kB/s,19.8 kB/s,1.60 GB/s,0 kB/s,2.98 GB/s,1.60 GB/s,0 kB/s,5.40 kB/s,2.98 GB/s,0 kB/s,1.60 GB/s
2023-04-02 12:10:20,5.91 GB/s,0 kB/s,62.5 kB/s,3.68 GB/s,0 kB/s,5.92 GB/s,3.68 GB/s,0 kB/s,303 kB/s,5.92 GB/s,0 kB/s,3.68 GB/s
2023-04-02 12:10:30,3.78 GB/s,0 kB/s,16.8 kB/s,2.43 GB/s,0 kB/s,3.80 GB/s,2.43 GB/s,0 kB/s,10.8 kB/s,3.80 GB/s,0 kB/s,2.43 GB/s
2023-04-02 12:10:40,5.35 GB/s,0 kB/s,0 kB/s,3.39 GB/s,0 kB/s,5.37 GB/s,3.39 GB/s,0 kB/s,0 kB/s,5.37 GB/s,0 kB/s,3.39 GB/s
2023-04-02 12:10:50,5.22 GB/s,0 kB/s,16.8 kB/s,3.26 GB/s,0 kB/s,5.24 GB/s,3.26 GB/s,0 kB/s,10.4 kB/s,5.24 GB/s,0 kB/s,3.26 GB/s
2023-04-02 12:11:00,4.20 GB/s,0 kB/s,11.2 kB/s,2.77 GB/s,0 kB/s,4.21 GB/s,2.77 GB/s,0 kB/s,5.40 kB/s,4.22 GB/s,0 kB/s,2.77 GB/s
2023-04-02 12:11:10,3.55 GB/s,0 kB/s,28.4 kB/s,2.30 GB/s,0 kB/s,3.57 GB/s,2.30 GB/s,0 kB/s,15 kB/s,3.57 GB/s,0 kB/s,2.30 GB/s
2023-04-02 12:11:20,4.40 GB/s,0 kB/s,0 kB/s,2.79 GB/s,0 kB/s,4.42 GB/s,2.79 GB/s,0 kB/s,0 kB/s,4.42 GB/s,0 kB/s,2.79 GB/s
2023-04-02 12:11:30,5.20 GB/s,0 kB/s,0 kB/s,3.34 GB/s,0 kB/s,5.22 GB/s,3.34 GB/s,0 kB/s,0 kB/s,5.22 GB/s,0 kB/s,3.34 GB/s
2023-04-02 12:11:40,1.47 GB/s,0 kB/s,46.2 kB/s,1.01 GB/s,0 kB/s,1.49 GB/s,1.01 GB/s,0 kB/s,49 kB/s,1.49 GB/s,0 kB/s,1.01 GB/s
2023-04-02 12:11:50,3.64 GB/s,0 kB/s,11.2 kB/s,2.32 GB/s,0 kB/s,3.65 GB/s,2.32 GB/s,0 kB/s,5.40 kB/s,3.66 GB/s,0 kB/s,2.32 GB/s
2023-04-02 12:12:00,2.33 GB/s,0 kB/s,0 kB/s,1.52 GB/s,0 kB/s,2.35 GB/s,1.52 GB/s,0 kB/s,0 kB/s,2.35 GB/s,0 kB/s,1.52 GB/s
2023-04-02 12:12:10,3.79 GB/s,0 kB/s,11.2 kB/s,2.42 GB/s,0 kB/s,3.80 GB/s,2.42 GB/s,0 kB/s,5.40 kB/s,3.80 GB/s,0 kB/s,2.42 GB/s
2023-04-02 12:12:20,3.75 GB/s,0 kB/s,84.9 kB/s,2.37 GB/s,0 kB/s,3.76 GB/s,2.37 GB/s,0 kB/s,310 kB/s,3.76 GB/s,0 kB/s,2.37 GB/s
2023-04-02 12:12:30,2.85 GB/s,0 kB/s,0 kB/s,1.92 GB/s,0 kB/s,2.86 GB/s,1.92 GB/s,0 kB/s,0 kB/s,2.86 GB/s,0 kB/s,1.92 GB/s
2023-04-02 12:12:40,4.82 GB/s,0 kB/s,0 kB/s,2.95 GB/s,0 kB/s,4.84 GB/s,2.95 GB/s,0 kB/s,0 kB/s,4.84 GB/s,0 kB/s,2.95 GB/s
2023-04-02 12:12:50,1.76 GB/s,0 kB/s,0 kB/s,1.43 GB/s,0 kB/s,1.77 GB/s,1.43 GB/s,0 kB/s,0 kB/s,1.77 GB/s,0 kB/s,1.43 GB/s
2023-04-02 12:13:00,1.92 GB/s,0 kB/s,11.2 kB/s,1.06 GB/s,0 kB/s,1.94 GB/s,1.06 GB/s,0 kB/s,5.40 kB/s,1.94 GB/s,0 kB/s,1.06 GB/s
2023-04-02 12:13:10,2.22 GB/s,0 kB/s,13.4 kB/s,1.44 GB/s,0 kB/s,2.23 GB/s,1.44 GB/s,0 kB/s,9.60 kB/s,2.23 GB/s,0 kB/s,1.44 GB/s
2023-04-02 12:13:20,3.00 GB/s,0 kB/s,11.2 kB/s,2.16 GB/s,0 kB/s,3.02 GB/s,2.16 GB/s,0 kB/s,5.40 kB/s,3.02 GB/s,0 kB/s,2.16 GB/s
2023-04-02 12:13:30,3.52 GB/s,0 kB/s,5.80 kB/s,2.31 GB/s,0 kB/s,3.53 GB/s,2.31 GB/s,0 kB/s,5.40 kB/s,3.53 GB/s,0 kB/s,2.31 GB/s
2023-04-02 12:13:40,3.24 GB/s,0 kB/s,0 kB/s,1.82 GB/s,0 kB/s,3.26 GB/s,1.82 GB/s,0 kB/s,0 kB/s,3.26 GB/s,0 kB/s,1.82 GB/s
2023-04-02 12:13:50,3.14 GB/s,0 kB/s,17.2 kB/s,1.99 GB/s,0 kB/s,3.15 GB/s,1.99 GB/s,0 kB/s,9.60 kB/s,3.15 GB/s,0 kB/s,1.99 GB/s
2023-04-02 12:14:00,4.13 GB/s,0 kB/s,118 kB/s,2.60 GB/s,0 kB/s,4.14 GB/s,2.60 GB/s,0 kB/s,69.8 kB/s,4.14 GB/s,0 kB/s,2.60 GB/s
2023-04-02 12:14:10,3.48 GB/s,0 kB/s,16.8 kB/s,2.21 GB/s,0 kB/s,3.49 GB/s,2.21 GB/s,0 kB/s,10.8 kB/s,3.49 GB/s,0 kB/s,2.21 GB/s
2023-04-02 12:14:20,4.52 GB/s,0 kB/s,62.1 kB/s,2.82 GB/s,0 kB/s,4.53 GB/s,2.82 GB/s,0 kB/s,293 kB/s,4.53 GB/s,0 kB/s,2.82 GB/s
2023-04-02 12:14:30,3.99 GB/s,0 kB/s,0 kB/s,2.77 GB/s,0 kB/s,4.00 GB/s,2.77 GB/s,0 kB/s,0 kB/s,4.00 GB/s,0 kB/s,2.77 GB/s
2023-04-02 12:14:40,4.63 GB/s,0 kB/s,11.2 kB/s,2.64 GB/s,0 kB/s,4.64 GB/s,2.64 GB/s,0 kB/s,5.40 kB/s,4.64 GB/s,0 kB/s,2.64 GB/s
2023-04-02 12:14:50,3.60 GB/s,0 kB/s,18.3 kB/s,2.26 GB/s,0 kB/s,3.61 GB/s,2.26 GB/s,0 kB/s,19.1 kB/s,3.61 GB/s,0 kB/s,2.26 GB/s
2023-04-02 12:15:00,2.75 GB/s,0 kB/s,34 kB/s,1.75 GB/s,0 kB/s,2.76 GB/s,1.75 GB/s,0 kB/s,21.6 kB/s,2.76 GB/s,0 kB/s,1.75 GB/s
2023-04-02 12:15:10,3.64 GB/s,0 kB/s,0 kB/s,2.33 GB/s,0 kB/s,3.65 GB/s,2.33 GB/s,0 kB/s,0 kB/s,3.65 GB/s,0 kB/s,2.33 GB/s
2023-04-02 12:15:20,3.23 GB/s,0 kB/s,11.2 kB/s,2.04 GB/s,0 kB/s,3.24 GB/s,2.04 GB/s,0 kB/s,5.40 kB/s,3.24 GB/s,0 kB/s,2.04 GB/s
2023-04-02 12:15:30,4.80 GB/s,0 kB/s,17.2 kB/s,3.04 GB/s,0 kB/s,4.81 GB/s,3.04 GB/s,0 kB/s,9.60 kB/s,4.82 GB/s,0 kB/s,3.04 GB/s
2023-04-02 12:15:40,2.88 GB/s,0 kB/s,11.2 kB/s,1.79 GB/s,0 kB/s,2.89 GB/s,1.79 GB/s,0 kB/s,5.40 kB/s,2.89 GB/s,0 kB/s,1.79 GB/s
2023-04-02 12:15:50,1.71 GB/s,0 kB/s,0 kB/s,1.16 GB/s,0 kB/s,1.72 GB/s,1.16 GB/s,0 kB/s,0 kB/s,1.72 GB/s,0 kB/s,1.16 GB/s
2023-04-02 12:16:00,3.42 GB/s,0 kB/s,0 kB/s,2.41 GB/s,0 kB/s,3.44 GB/s,2.41 GB/s,0 kB/s,0 kB/s,3.44 GB/s,0 kB/s,2.41 GB/s
2023-04-02 12:16:10,3.66 GB/s,0 kB/s,0 kB/s,2.37 GB/s,0 kB/s,3.69 GB/s,2.37 GB/s,0 kB/s,0 kB/s,3.69 GB/s,0 kB/s,2.37 GB/s
2023-04-02 12:16:20,4.97 GB/s,0 kB/s,73.3 kB/s,3.83 GB/s,0 kB/s,4.99 GB/s,3.83 GB/s,0 kB/s,304 kB/s,5.00 GB/s,0 kB/s,3.83 GB/s
2023-04-02 12:16:30,4.21 GB/s,0 kB/s,93.8 kB/s,2.46 GB/s,0 kB/s,4.23 GB/s,2.46 GB/s,0 kB/s,93.6 kB/s,4.23 GB/s,0 kB/s,2.46 GB/s
2023-04-02 12:16:40,5.61 GB/s,0 kB/s,21 kB/s,3.60 GB/s,0 kB/s,5.62 GB/s,3.60 GB/s,0 kB/s,15.2 kB/s,5.62 GB/s,0 kB/s,3.60 GB/s
2023-04-02 12:16:50,5.77 GB/s,0 kB/s,5.60 kB/s,3.59 GB/s,0 kB/s,5.78 GB/s,3.59 GB/s,0 kB/s,5.40 kB/s,5.79 GB/s,0 kB/s,3.59 GB/s
2023-04-02 12:17:00,5.76 GB/s,0 kB/s,11.8 kB/s,3.63 GB/s,0 kB/s,5.78 GB/s,3.63 GB/s,0 kB/s,9.60 kB/s,5.78 GB/s,0 kB/s,3.63 GB/s
2023-04-02 12:17:10,6.79 GB/s,0 kB/s,0 kB/s,4.21 GB/s,0 kB/s,6.80 GB/s,4.21 GB/s,0 kB/s,0 kB/s,6.80 GB/s,0 kB/s,4.21 GB/s
2023-04-02 12:17:20,5.84 GB/s,0 kB/s,7.40 kB/s,3.73 GB/s,0 kB/s,5.86 GB/s,3.73 GB/s,0 kB/s,5.40 kB/s,5.86 GB/s,0 kB/s,3.73 GB/s
2023-04-02 12:17:30,4.19 GB/s,0 kB/s,17.2 kB/s,2.67 GB/s,0 kB/s,4.21 GB/s,2.67 GB/s,0 kB/s,9.60 kB/s,4.21 GB/s,0 kB/s,2.67 GB/s
2023-04-02 12:17:40,3.12 GB/s,0 kB/s,28.2 kB/s,2.08 GB/s,0 kB/s,3.14 GB/s,2.08 GB/s,0 kB/s,16.2 kB/s,3.14 GB/s,0 kB/s,2.08 GB/s
2023-04-02 12:17:50,4.86 GB/s,0 kB/s,0 kB/s,3.38 GB/s,0 kB/s,4.88 GB/s,3.38 GB/s,0 kB/s,0 kB/s,4.88 GB/s,0 kB/s,3.38 GB/s
2023-04-02 12:18:00,8.42 GB/s,0 kB/s,28.4 kB/s,5.01 GB/s,0 kB/s,8.44 GB/s,5.01 GB/s,0 kB/s,15 kB/s,8.45 GB/s,0 kB/s,5.01 GB/s
2023-04-02 12:18:10,4.31 GB/s,0 kB/s,5.60 kB/s,2.99 GB/s,0 kB/s,4.33 GB/s,2.99 GB/s,0 kB/s,5.40 kB/s,4.33 GB/s,0 kB/s,2.99 GB/s
2023-04-02 12:18:20,4.63 GB/s,0 kB/s,106 kB/s,2.68 GB/s,0 kB/s,4.65 GB/s,2.68 GB/s,0 kB/s,343 kB/s,4.65 GB/s,0 kB/s,2.68 GB/s
2023-04-02 12:18:30,3.56 GB/s,0 kB/s,49 kB/s,2.39 GB/s,0 kB/s,3.58 GB/s,2.39 GB/s,0 kB/s,49 kB/s,3.58 GB/s,0 kB/s,2.39 GB/s
2023-04-02 12:18:40,4.94 GB/s,0 kB/s,5.80 kB/s,3.13 GB/s,0 kB/s,4.96 GB/s,3.13 GB/s,0 kB/s,5.40 kB/s,4.96 GB/s,0 kB/s,3.13 GB/s
2023-04-02 12:18:50,3.65 GB/s,0 kB/s,5.80 kB/s,2.31 GB/s,0 kB/s,3.66 GB/s,2.31 GB/s,0 kB/s,5.40 kB/s,3.66 GB/s,0 kB/s,2.31 GB/s
2023-04-02 12:19:00,6.23 GB/s,0 kB/s,5.60 kB/s,4.27 GB/s,0 kB/s,6.25 GB/s,4.27 GB/s,0 kB/s,5.40 kB/s,6.26 GB/s,0 kB/s,4.27 GB/s
2023-04-02 12:19:10,5.01 GB/s,0 kB/s,34 kB/s,2.87 GB/s,0 kB/s,5.03 GB/s,2.87 GB/s,0 kB/s,20.4 kB/s,5.03 GB/s,0 kB/s,2.87 GB/s
2023-04-02 12:19:20,1.50 GB/s,0 kB/s,0 kB/s,974 MB/s,0 kB/s,1.51 GB/s,974 MB/s,0 kB/s,0 kB/s,1.51 GB/s,0 kB/s,974 MB/s
2023-04-02 12:19:30,2.18 GB/s,0 kB/s,0 kB/s,1.36 GB/s,0 kB/s,2.19 GB/s,1.36 GB/s,0 kB/s,0 kB/s,2.19 GB/s,0 kB/s,1.36 GB/s
2023-04-02 12:19:40,3.16 GB/s,0 kB/s,5.60 kB/s,1.97 GB/s,0 kB/s,3.17 GB/s,1.97 GB/s,0 kB/s,5.40 kB/s,3.17 GB/s,0 kB/s,1.97 GB/s
2023-04-02 12:19:50,1.88 GB/s,0 kB/s,22.6 kB/s,1.16 GB/s,0 kB/s,1.88 GB/s,1.16 GB/s,0 kB/s,16.2 kB/s,1.88 GB/s,0 kB/s,1.16 GB/s
2023-04-02 12:20:00,2.01 GB/s,0 kB/s,0 kB/s,1.26 GB/s,0 kB/s,2.01 GB/s,1.26 GB/s,0 kB/s,0 kB/s,2.01 GB/s,0 kB/s,1.26 GB/s
2023-04-02 12:20:10,2.48 GB/s,0 kB/s,28.4 kB/s,1.54 GB/s,0 kB/s,2.48 GB/s,1.54 GB/s,0 kB/s,15 kB/s,2.48 GB/s,0 kB/s,1.54 GB/s
2023-04-02 12:20:20,2.17 GB/s,0 kB/s,36.4 kB/s,1.37 GB/s,0 kB/s,2.18 GB/s,1.37 GB/s,0 kB/s,288 kB/s,2.18 GB/s,0 kB/s,1.37 GB/s
2023-04-02 12:20:30,1.22 GB/s,0 kB/s,23.5 kB/s,771 MB/s,0 kB/s,1.23 GB/s,771 MB/s,0 kB/s,17.4 kB/s,1.23 GB/s,0 kB/s,771 MB/s
2023-04-02 12:20:40,1.55 GB/s,0 kB/s,5.80 kB/s,992 MB/s,0 kB/s,1.56 GB/s,992 MB/s,0 kB/s,5.40 kB/s,1.56 GB/s,0 kB/s,992 MB/s
2023-04-02 12:20:50,1.75 GB/s,0 kB/s,0 kB/s,1.12 GB/s,0 kB/s,1.76 GB/s,1.12 GB/s,0 kB/s,0 kB/s,1.76 GB/s,0 kB/s,1.12 GB/s
2023-04-02 12:21:00,2.90 GB/s,0 kB/s,15.4 kB/s,1.78 GB/s,0 kB/s,2.90 GB/s,1.78 GB/s,0 kB/s,16.9 kB/s,2.90 GB/s,0 kB/s,1.78 GB/s
2023-04-02 12:21:10,2.63 GB/s,0 kB/s,11.2 kB/s,1.64 GB/s,0 kB/s,2.63 GB/s,1.64 GB/s,0 kB/s,5.40 kB/s,2.63 GB/s,0 kB/s,1.64 GB/s
2023-04-02 12:21:20,1.95 GB/s,0 kB/s,0 kB/s,1.21 GB/s,0 kB/s,1.96 GB/s,1.21 GB/s,0 kB/s,0 kB/s,1.96 GB/s,0 kB/s,1.21 GB/s
2023-04-02 12:21:30,2.57 GB/s,0 kB/s,28.4 kB/s,1.62 GB/s,0 kB/s,2.58 GB/s,1.62 GB/s,0 kB/s,20.4 kB/s,2.58 GB/s,0 kB/s,1.62 GB/s
2023-04-02 12:21:40,593 MB/s,0 kB/s,0 kB/s,420 MB/s,0 kB/s,599 MB/s,420 MB/s,0 kB/s,0 kB/s,600 MB/s,0 kB/s,420 MB/s
2023-04-02 12:21:50,1.11 GB/s,0 kB/s,5.60 kB/s,700 MB/s,0 kB/s,1.11 GB/s,699 MB/s,0 kB/s,5.40 kB/s,1.11 GB/s,0 kB/s,699 MB/s
2023-04-02 12:22:00,2.08 GB/s,0 kB/s,11.2 kB/s,1.34 GB/s,0 kB/s,2.09 GB/s,1.34 GB/s,0 kB/s,5.40 kB/s,2.09 GB/s,0 kB/s,1.34 GB/s
2023-04-02 12:22:10,2.58 GB/s,0 kB/s,5.60 kB/s,1.57 GB/s,0 kB/s,2.58 GB/s,1.57 GB/s,0 kB/s,5.40 kB/s,2.58 GB/s,0 kB/s,1.57 GB/s
2023-04-02 12:22:20,2.13 GB/s,0 kB/s,56.5 kB/s,1.34 GB/s,0 kB/s,2.13 GB/s,1.34 GB/s,0 kB/s,72.8 kB/s,2.13 GB/s,0 kB/s,1.34 GB/s
2023-04-02 12:22:30,1.48 GB/s,0 kB/s,12.9 MB/s,961 MB/s,43.6 kB/s,1.48 GB/s,961 MB/s,0 kB/s,228 kB/s,1.48 GB/s,43.6 kB/s,961 MB/s
2023-04-02 12:22:40,3.06 GB/s,0 kB/s,0 kB/s,1.88 GB/s,20.8 kB/s,3.06 GB/s,1.88 GB/s,0 kB/s,0 kB/s,3.06 GB/s,20.8 kB/s,1.88 GB/s
2023-04-02 12:22:50,1.57 GB/s,0 kB/s,0 kB/s,983 MB/s,0 kB/s,1.57 GB/s,983 MB/s,0 kB/s,0 kB/s,1.57 GB/s,0 kB/s,983 MB/s
2023-04-02 12:23:00,2.37 GB/s,0 kB/s,11.4 kB/s,1.44 GB/s,0 kB/s,2.37 GB/s,1.44 GB/s,0 kB/s,10.8 kB/s,2.37 GB/s,0 kB/s,1.44 GB/s
2023-04-02 12:23:10,1.97 GB/s,0 kB/s,17.2 kB/s,1.24 GB/s,0 kB/s,1.97 GB/s,1.24 GB/s,0 kB/s,17.2 kB/s,1.97 GB/s,0 kB/s,1.24 GB/s
2023-04-02 12:23:20,2.09 GB/s,0 kB/s,22.8 kB/s,1.32 GB/s,0 kB/s,2.10 GB/s,1.32 GB/s,0 kB/s,15 kB/s,2.10 GB/s,0 kB/s,1.32 GB/s
2023-04-02 12:23:30,1.93 GB/s,0 kB/s,0 kB/s,1.20 GB/s,0 kB/s,1.93 GB/s,1.20 GB/s,0 kB/s,0 kB/s,1.93 GB/s,0 kB/s,1.20 GB/s
2023-04-02 12:23:40,85.3 MB/s,0 kB/s,11.2 kB/s,82.3 MB/s,0 kB/s,88.0 MB/s,82.3 MB/s,0 kB/s,5.40 kB/s,89.0 MB/s,0 kB/s,82.3 MB/s
2023-04-02 12:23:50,144 MB/s,0 kB/s,0 kB/s,118 MB/s,0 kB/s,149 MB/s,118 MB/s,0 kB/s,0 kB/s,150 MB/s,0 kB/s,118 MB/s
2023-04-02 12:24:00,1.03 GB/s,0 kB/s,0 kB/s,643 MB/s,0 kB/s,1.03 GB/s,643 MB/s,0 kB/s,0 kB/s,1.03 GB/s,0 kB/s,643 MB/s
2023-04-02 12:24:10,1.14 GB/s,0 kB/s,17.2 kB/s,729 MB/s,0 kB/s,1.14 GB/s,729 MB/s,0 kB/s,9.60 kB/s,1.14 GB/s,0 kB/s,729 MB/s
2023-04-02 12:24:20,1.46 GB/s,0 kB/s,62.3 kB/s,888 MB/s,0 kB/s,1.46 GB/s,888 MB/s,0 kB/s,297 kB/s,1.46 GB/s,0 kB/s,888 MB/s
2023-04-02 12:24:30,1.99 GB/s,0 kB/s,5.60 kB/s,1.22 GB/s,0 kB/s,1.99 GB/s,1.22 GB/s,0 kB/s,5.40 kB/s,1.99 GB/s,0 kB/s,1.22 GB/s
2023-04-02 12:24:40,1.14 GB/s,0 kB/s,0 kB/s,722 MB/s,0 kB/s,1.15 GB/s,722 MB/s,0 kB/s,0 kB/s,1.15 GB/s,0 kB/s,722 MB/s
2023-04-02 12:24:50,612 MB/s,0 kB/s,0 kB/s,415 MB/s,0 kB/s,615 MB/s,415 MB/s,0 kB/s,0 kB/s,616 MB/s,0 kB/s,415 MB/s
2023-04-02 12:25:00,193 MB/s,0 kB/s,0 kB/s,199 MB/s,0 kB/s,200 MB/s,199 MB/s,0 kB/s,0 kB/s,201 MB/s,0 kB/s,199 MB/s
2023-04-02 12:25:10,1.60 GB/s,0 kB/s,17.2 kB/s,982 MB/s,0 kB/s,1.61 GB/s,982 MB/s,0 kB/s,9.60 kB/s,1.61 GB/s,0 kB/s,982 MB/s
2023-04-02 12:25:20,1.66 GB/s,0 kB/s,5.60 kB/s,1.02 GB/s,0 kB/s,1.66 GB/s,1.02 GB/s,0 kB/s,5.40 kB/s,1.66 GB/s,0 kB/s,1.02 GB/s
2023-04-02 12:25:30,554 MB/s,0 kB/s,11.2 kB/s,371 MB/s,0 kB/s,558 MB/s,371 MB/s,0 kB/s,5.40 kB/s,559 MB/s,0 kB/s,371 MB/s
2023-04-02 12:25:40,599 MB/s,0 kB/s,17 kB/s,391 MB/s,0 kB/s,602 MB/s,391 MB/s,0 kB/s,10.8 kB/s,603 MB/s,0 kB/s,391 MB/s
2023-04-02 12:25:50,589 MB/s,0 kB/s,0 kB/s,400 MB/s,0 kB/s,592 MB/s,400 MB/s,0 kB/s,0 kB/s,593 MB/s,0 kB/s,400 MB/s
2023-04-02 12:26:00,658 MB/s,0 kB/s,5.80 kB/s,414 MB/s,0 kB/s,661 MB/s,414 MB/s,0 kB/s,5.40 kB/s,662 MB/s,0 kB/s,414 MB/s
2023-04-02 12:26:10,607 MB/s,0 kB/s,34 kB/s,416 MB/s,0 kB/s,613 MB/s,416 MB/s,0 kB/s,20.4 kB/s,613 MB/s,0 kB/s,416 MB/s
2023-04-02 12:26:20,662 MB/s,0 kB/s,79.1 kB/s,487 MB/s,0 kB/s,667 MB/s,486 MB/s,0 kB/s,305 kB/s,668 MB/s,0 kB/s,486 MB/s
2023-04-02 12:26:30,3.92 GB/s,0 kB/s,0 kB/s,2.69 GB/s,0 kB/s,3.94 GB/s,2.69 GB/s,0 kB/s,0 kB/s,3.94 GB/s,0 kB/s,2.69 GB/s
2023-04-02 12:26:40,4.10 GB/s,0 kB/s,29.2 kB/s,2.38 GB/s,0 kB/s,4.12 GB/s,2.38 GB/s,0 kB/s,21.6 kB/s,4.12 GB/s,0 kB/s,2.38 GB/s
2023-04-02 12:26:50,5.40 GB/s,0 kB/s,89.8 kB/s,3.69 GB/s,0 kB/s,5.42 GB/s,3.69 GB/s,0 kB/s,76 kB/s,5.42 GB/s,0 kB/s,3.69 GB/s
2023-04-02 12:27:00,4.86 GB/s,0 kB/s,55 kB/s,2.80 GB/s,0 kB/s,4.87 GB/s,2.80 GB/s,0 kB/s,53.2 kB/s,4.87 GB/s,0 kB/s,2.80 GB/s
2023-04-02 12:27:10,2.86 GB/s,0 kB/s,11.2 kB/s,2.09 GB/s,0 kB/s,2.87 GB/s,2.09 GB/s,0 kB/s,5.40 kB/s,2.87 GB/s,0 kB/s,2.09 GB/s
2023-04-02 12:27:20,4.73 GB/s,0 kB/s,5.60 kB/s,3.00 GB/s,0 kB/s,4.74 GB/s,3.00 GB/s,0 kB/s,5.40 kB/s,4.74 GB/s,0 kB/s,3.00 GB/s
2023-04-02 12:27:30,3.29 GB/s,0 kB/s,5.80 kB/s,1.94 GB/s,0 kB/s,3.31 GB/s,1.94 GB/s,0 kB/s,5.40 kB/s,3.31 GB/s,0 kB/s,1.94 GB/s
2023-04-02 12:27:40,4.73 GB/s,0 kB/s,22.4 kB/s,3.17 GB/s,0 kB/s,4.75 GB/s,3.17 GB/s,0 kB/s,10.8 kB/s,4.75 GB/s,0 kB/s,3.17 GB/s
2023-04-02 12:27:50,4.34 GB/s,0 kB/s,28.6 kB/s,2.77 GB/s,0 kB/s,4.35 GB/s,2.77 GB/s,0 kB/s,15 kB/s,4.35 GB/s,0 kB/s,2.77 GB/s
2023-04-02 12:28:00,2.92 GB/s,0 kB/s,5.80 kB/s,2.01 GB/s,0 kB/s,2.94 GB/s,2.01 GB/s,0 kB/s,5.40 kB/s,2.94 GB/s,0 kB/s,2.01 GB/s
2023-04-02 12:28:10,5.17 GB/s,0 kB/s,7.40 kB/s,3.09 GB/s,0 kB/s,5.18 GB/s,3.09 GB/s,0 kB/s,5.40 kB/s,5.18 GB/s,0 kB/s,3.09 GB/s
2023-04-02 12:28:20,4.49 GB/s,0 kB/s,56.5 kB/s,2.69 GB/s,0 kB/s,4.50 GB/s,2.69 GB/s,0 kB/s,292 kB/s,4.50 GB/s,0 kB/s,2.69 GB/s
2023-04-02 12:28:30,2.84 GB/s,0 kB/s,7.40 kB/s,1.88 GB/s,0 kB/s,2.85 GB/s,1.88 GB/s,0 kB/s,5.40 kB/s,2.86 GB/s,0 kB/s,1.88 GB/s
2023-04-02 12:28:40,1.07 GB/s,0 kB/s,5.60 kB/s,853 MB/s,0 kB/s,1.09 GB/s,853 MB/s,0 kB/s,5.40 kB/s,1.09 GB/s,0 kB/s,853 MB/s
2023-04-02 12:28:50,3.46 GB/s,0 kB/s,0 kB/s,2.35 GB/s,0 kB/s,3.48 GB/s,2.35 GB/s,0 kB/s,0 kB/s,3.48 GB/s,0 kB/s,2.35 GB/s
2023-04-02 12:29:00,3.48 GB/s,0 kB/s,39.6 kB/s,2.07 GB/s,0 kB/s,3.48 GB/s,2.07 GB/s,0 kB/s,20.4 kB/s,3.49 GB/s,0 kB/s,2.07 GB/s
2023-04-02 12:29:10,109 MB/s,0 kB/s,6.60 kB/s,100 MB/s,0 kB/s,112 MB/s,100 MB/s,0 kB/s,5.40 kB/s,113 MB/s,0 kB/s,100 MB/s
2023-04-02 12:29:20,60.0 MB/s,0 kB/s,0 kB/s,53.5 MB/s,0 kB/s,61.9 MB/s,53.5 MB/s,0 kB/s,0 kB/s,62.8 MB/s,0 kB/s,53.5 MB/s
2023-04-02 12:29:30,438 MB/s,0 kB/s,0 kB/s,271 MB/s,0 kB/s,439 MB/s,271 MB/s,0 kB/s,0 kB/s,440 MB/s,0 kB/s,271 MB/s
2023-04-02 12:29:40,592 MB/s,0 kB/s,5.60 kB/s,406 MB/s,0 kB/s,597 MB/s,406 MB/s,0 kB/s,5.40 kB/s,598 MB/s,0 kB/s,406 MB/s
2023-04-02 12:29:50,510 MB/s,0 kB/s,6 kB/s,321 MB/s,0 kB/s,511 MB/s,321 MB/s,0 kB/s,4.20 kB/s,512 MB/s,0 kB/s,321 MB/s
2023-04-02 12:30:00,541 MB/s,0 kB/s,11.2 kB/s,656 MB/s,0 kB/s,544 MB/s,656 MB/s,0 kB/s,5.40 kB/s,545 MB/s,0 kB/s,656 MB/s
2023-04-02 12:30:10,1.49 GB/s,0 kB/s,0 kB/s,621 MB/s,0 kB/s,1.49 GB/s,621 MB/s,0 kB/s,0 kB/s,1.49 GB/s,0 kB/s,621 MB/s
2023-04-02 12:30:20,512 MB/s,0 kB/s,73.7 kB/s,327 MB/s,0 kB/s,515 MB/s,327 MB/s,0 kB/s,297 kB/s,516 MB/s,0 kB/s,327 MB/s
2023-04-02 12:30:30,1.02 GB/s,0 kB/s,11.4 kB/s,625 MB/s,0 kB/s,1.02 GB/s,625 MB/s,0 kB/s,10.8 kB/s,1.03 GB/s,0 kB/s,625 MB/s
2023-04-02 12:30:40,1.02 GB/s,0 kB/s,0 kB/s,622 MB/s,0 kB/s,1.02 GB/s,622 MB/s,0 kB/s,0 kB/s,1.02 GB/s,0 kB/s,622 MB/s
2023-04-02 12:30:50,619 MB/s,0 kB/s,5.60 kB/s,398 MB/s,0 kB/s,622 MB/s,398 MB/s,0 kB/s,5.40 kB/s,623 MB/s,0 kB/s,398 MB/s
2023-04-02 12:31:00,84.6 MB/s,0 kB/s,17.2 kB/s,76.5 MB/s,0 kB/s,87.3 MB/s,76.5 MB/s,0 kB/s,9.60 kB/s,88.2 MB/s,0 kB/s,76.5 MB/s
2023-04-02 12:31:10,4.28 MB/s,0 kB/s,0 kB/s,2.80 MB/s,0 kB/s,4.31 MB/s,2.75 MB/s,0 kB/s,0 kB/s,5.26 MB/s,0 kB/s,2.75 MB/s
2023-04-02 12:31:20,566 MB/s,0 kB/s,0 kB/s,357 MB/s,0 kB/s,568 MB/s,357 MB/s,0 kB/s,0 kB/s,569 MB/s,0 kB/s,357 MB/s
2023-04-02 12:31:30,525 MB/s,0 kB/s,0 kB/s,322 MB/s,0 kB/s,525 MB/s,322 MB/s,0 kB/s,0 kB/s,526 MB/s,0 kB/s,322 MB/s
2023-04-02 12:31:40,25.1 MB/s,0 kB/s,0 kB/s,22.4 MB/s,0 kB/s,25.8 MB/s,22.4 MB/s,0 kB/s,0 kB/s,26.8 MB/s,0 kB/s,22.4 MB/s
2023-04-02 12:31:50,458 MB/s,0 kB/s,0 kB/s,289 MB/s,0 kB/s,459 MB/s,289 MB/s,0 kB/s,0 kB/s,460 MB/s,0 kB/s,289 MB/s
2023-04-02 12:32:00,486 MB/s,0 kB/s,5.60 kB/s,321 MB/s,0 kB/s,488 MB/s,321 MB/s,0 kB/s,5.40 kB/s,489 MB/s,0 kB/s,321 MB/s
2023-04-02 12:32:10,967 MB/s,0 kB/s,17.4 kB/s,594 MB/s,0 kB/s,969 MB/s,594 MB/s,0 kB/s,15 kB/s,970 MB/s,0 kB/s,594 MB/s
2023-04-02 12:32:20,6.51 MB/s,0 kB/s,73.3 kB/s,4.20 MB/s,0 kB/s,6.56 MB/s,4.14 MB/s,0 kB/s,300 kB/s,7.51 MB/s,0 kB/s,4.14 MB/s
2023-04-02 12:32:30,495 MB/s,0 kB/s,5.80 kB/s,328 MB/s,0 kB/s,496 MB/s,328 MB/s,0 kB/s,5.40 kB/s,497 MB/s,0 kB/s,328 MB/s
2023-04-02 12:32:40,531 MB/s,0 kB/s,0 kB/s,329 MB/s,0 kB/s,533 MB/s,329 MB/s,0 kB/s,0 kB/s,534 MB/s,0 kB/s,329 MB/s
2023-04-02 12:32:50,497 MB/s,0 kB/s,0 kB/s,305 MB/s,0 kB/s,498 MB/s,305 MB/s,0 kB/s,0 kB/s,498 MB/s,0 kB/s,305 MB/s
2023-04-02 12:33:00,951 MB/s,0 kB/s,28.4 kB/s,582 MB/s,0 kB/s,952 MB/s,582 MB/s,0 kB/s,15 kB/s,953 MB/s,0 kB/s,582 MB/s
2023-04-02 12:33:10,497 MB/s,0 kB/s,0 kB/s,313 MB/s,0 kB/s,498 MB/s,313 MB/s,0 kB/s,0 kB/s,499 MB/s,0 kB/s,313 MB/s
2023-04-02 12:33:20,36.9 MB/s,0 kB/s,0 kB/s,33.2 MB/s,0 kB/s,38.1 MB/s,33.2 MB/s,0 kB/s,0 kB/s,39.0 MB/s,0 kB/s,33.2 MB/s
2023-04-02 12:33:30,81.8 MB/s,0 kB/s,11.2 kB/s,74.8 MB/s,0 kB/s,84.5 MB/s,74.8 MB/s,0 kB/s,5.40 kB/s,85.5 MB/s,0 kB/s,74.8 MB/s
2023-04-02 12:33:40,19.9 MB/s,0 kB/s,13.6 kB/s,18.0 MB/s,0 kB/s,20.5 MB/s,17.9 MB/s,0 kB/s,10.8 kB/s,21.4 MB/s,0 kB/s,17.9 MB/s
2023-04-02 12:33:50,521 MB/s,0 kB/s,6 kB/s,318 MB/s,0 kB/s,521 MB/s,318 MB/s,0 kB/s,4.20 kB/s,522 MB/s,0 kB/s,318 MB/s
2023-04-02 12:34:00,503 MB/s,0 kB/s,0 kB/s,307 MB/s,0 kB/s,503 MB/s,307 MB/s,0 kB/s,0 kB/s,504 MB/s,0 kB/s,307 MB/s
2023-04-02 12:34:10,553 MB/s,0 kB/s,11.4 kB/s,359 MB/s,0 kB/s,555 MB/s,359 MB/s,0 kB/s,10.8 kB/s,556 MB/s,0 kB/s,359 MB/s
2023-04-02 12:34:20,60.9 MB/s,0 kB/s,174 kB/s,55.4 MB/s,0 kB/s,62.9 MB/s,55.3 MB/s,0 kB/s,350 kB/s,63.8 MB/s,0 kB/s,55.3 MB/s
2023-04-02 12:34:30,519 MB/s,0 kB/s,11.4 kB/s,333 MB/s,0 kB/s,521 MB/s,333 MB/s,0 kB/s,10.8 kB/s,522 MB/s,0 kB/s,333 MB/s
2023-04-02 12:34:40,544 MB/s,0 kB/s,16.8 kB/s,342 MB/s,0 kB/s,545 MB/s,342 MB/s,0 kB/s,13.3 kB/s,546 MB/s,0 kB/s,342 MB/s
2023-04-02 12:34:50,70.2 MB/s,0 kB/s,0 kB/s,73.7 MB/s,0 kB/s,72.9 MB/s,73.7 MB/s,0 kB/s,0 kB/s,73.8 MB/s,0 kB/s,73.7 MB/s
2023-04-02 12:35:00,928 MB/s,0 kB/s,17.2 kB/s,559 MB/s,0 kB/s,929 MB/s,559 MB/s,0 kB/s,9.60 kB/s,930 MB/s,0 kB/s,559 MB/s
2023-04-02 12:35:10,506 MB/s,0 kB/s,11.2 kB/s,309 MB/s,0 kB/s,506 MB/s,309 MB/s,0 kB/s,5.40 kB/s,507 MB/s,0 kB/s,309 MB/s
2023-04-02 12:35:20,1.04 GB/s,0 kB/s,0 kB/s,635 MB/s,0 kB/s,1.04 GB/s,635 MB/s,0 kB/s,0 kB/s,1.04 GB/s,0 kB/s,635 MB/s
2023-04-02 12:35:30,612 MB/s,0 kB/s,0 kB/s,403 MB/s,0 kB/s,614 MB/s,403 MB/s,0 kB/s,0 kB/s,615 MB/s,0 kB/s,403 MB/s
2023-04-02 12:35:40,999 MB/s,0 kB/s,11.6 kB/s,607 MB/s,0 kB/s,1000 MB/s,607 MB/s,0 kB/s,9.60 kB/s,1.00 GB/s,0 kB/s,607 MB/s
2023-04-02 12:35:50,3.10 MB/s,0 kB/s,0 kB/s,2.10 MB/s,0 kB/s,3.13 MB/s,2.05 MB/s,0 kB/s,0 kB/s,4.07 MB/s,0 kB/s,2.05 MB/s
2023-04-02 12:36:00,60.4 MB/s,0 kB/s,11.2 kB/s,55.3 MB/s,0 kB/s,62.4 MB/s,55.2 MB/s,0 kB/s,5.40 kB/s,63.4 MB/s,0 kB/s,55.2 MB/s
2023-04-02 12:36:10,1.85 MB/s,0 kB/s,0 kB/s,1.33 MB/s,0 kB/s,1.88 MB/s,1.28 MB/s,0 kB/s,0 kB/s,2.83 MB/s,0 kB/s,1.28 MB/s
2023-04-02 12:36:20,60.1 MB/s,0 kB/s,56.5 kB/s,54.1 MB/s,0 kB/s,62.0 MB/s,54.1 MB/s,0 kB/s,293 kB/s,62.9 MB/s,0 kB/s,54.1 MB/s
2023-04-02 12:36:30,2.25 MB/s,0 kB/s,11.4 kB/s,1.49 MB/s,0 kB/s,2.27 MB/s,1.44 MB/s,0 kB/s,10.8 kB/s,3.22 MB/s,0 kB/s,1.44 MB/s
2023-04-02 12:36:40,456 MB/s,0 kB/s,0 kB/s,288 MB/s,0 kB/s,457 MB/s,288 MB/s,0 kB/s,0 kB/s,458 MB/s,0 kB/s,288 MB/s
2023-04-02 12:36:50,516 MB/s,0 kB/s,0 kB/s,315 MB/s,0 kB/s,516 MB/s,315 MB/s,0 kB/s,0 kB/s,517 MB/s,0 kB/s,315 MB/s
2023-04-02 12:37:00,42.8 MB/s,0 kB/s,5.80 kB/s,39.0 MB/s,0 kB/s,44.2 MB/s,39.0 MB/s,0 kB/s,5.40 kB/s,45.2 MB/s,0 kB/s,39.0 MB/s
2023-04-02 12:37:10,1.05 GB/s,0 kB/s,23.4 kB/s,640 MB/s,0 kB/s,1.05 GB/s,640 MB/s,0 kB/s,15 kB/s,1.05 GB/s,0 kB/s,640 MB/s
2023-04-02 12:37:20,28.2 MB/s,0 kB/s,11.2 kB/s,26.0 MB/s,0 kB/s,29.2 MB/s,26.0 MB/s,0 kB/s,5.40 kB/s,30.2 MB/s,0 kB/s,26.0 MB/s
2023-04-02 12:37:30,72.9 MB/s,0 kB/s,11.2 kB/s,67.2 MB/s,0 kB/s,75.3 MB/s,67.2 MB/s,0 kB/s,5.40 kB/s,76.2 MB/s,0 kB/s,67.2 MB/s
2023-04-02 12:37:40,2.07 MB/s,0 kB/s,22.4 kB/s,1.37 MB/s,0 kB/s,2.09 MB/s,1.31 MB/s,0 kB/s,10.8 kB/s,3.04 MB/s,0 kB/s,1.31 MB/s
2023-04-02 12:37:50,45.7 MB/s,0 kB/s,6 kB/s,41.3 MB/s,0 kB/s,47.2 MB/s,41.3 MB/s,0 kB/s,4.20 kB/s,48.1 MB/s,0 kB/s,41.3 MB/s
2023-04-02 12:38:00,472 MB/s,0 kB/s,42.8 kB/s,299 MB/s,0 kB/s,473 MB/s,299 MB/s,0 kB/s,46.4 kB/s,474 MB/s,0 kB/s,299 MB/s
2023-04-02 12:38:10,516 MB/s,0 kB/s,21.2 kB/s,315 MB/s,0 kB/s,516 MB/s,315 MB/s,0 kB/s,21 kB/s,517 MB/s,0 kB/s,315 MB/s
2023-04-02 12:38:20,116 MB/s,0 kB/s,69.7 kB/s,128 MB/s,0 kB/s,121 MB/s,128 MB/s,0 kB/s,297 kB/s,122 MB/s,0 kB/s,128 MB/s
2023-04-02 12:38:30,88.3 MB/s,0 kB/s,5.80 kB/s,59.1 MB/s,0 kB/s,90.6 MB/s,59.0 MB/s,0 kB/s,5.40 kB/s,91.6 MB/s,0 kB/s,59.0 MB/s
2023-04-02 12:38:40,155 MB/s,0 kB/s,36.7 kB/s,141 MB/s,0 kB/s,160 MB/s,141 MB/s,0 kB/s,37.3 kB/s,161 MB/s,0 kB/s,141 MB/s
2023-04-02 12:38:50,33.8 MB/s,0 kB/s,0 kB/s,47.8 MB/s,0 kB/s,35.1 MB/s,47.7 MB/s,0 kB/s,0 kB/s,36.0 MB/s,0 kB/s,47.7 MB/s
2023-04-02 12:39:00,1.67 GB/s,0 kB/s,0 kB/s,1.07 GB/s,0 kB/s,1.68 GB/s,1.07 GB/s,0 kB/s,0 kB/s,1.68 GB/s,0 kB/s,1.07 GB/s
2023-04-02 12:39:10,1.10 GB/s,0 kB/s,11.4 kB/s,718 MB/s,0 kB/s,1.10 GB/s,718 MB/s,0 kB/s,12.9 kB/s,1.10 GB/s,0 kB/s,718 MB/s
2023-04-02 12:39:20,1.67 GB/s,0 kB/s,11.6 kB/s,1.06 GB/s,0 kB/s,1.68 GB/s,1.06 GB/s,0 kB/s,9.60 kB/s,1.68 GB/s,0 kB/s,1.06 GB/s
2023-04-02 12:39:30,1.68 GB/s,0 kB/s,0 kB/s,1.05 GB/s,0 kB/s,1.69 GB/s,1.05 GB/s,0 kB/s,0 kB/s,1.69 GB/s,0 kB/s,1.05 GB/s
2023-04-02 12:39:40,2.51 GB/s,0 kB/s,16.8 kB/s,1.55 GB/s,0 kB/s,2.51 GB/s,1.55 GB/s,0 kB/s,15 kB/s,2.52 GB/s,0 kB/s,1.55 GB/s
2023-04-02 12:39:50,1.47 GB/s,0 kB/s,19.4 kB/s,957 MB/s,0 kB/s,1.48 GB/s,957 MB/s,0 kB/s,16.4 kB/s,1.48 GB/s,0 kB/s,957 MB/s
2023-04-02 12:40:00,932 MB/s,0 kB/s,5.80 kB/s,564 MB/s,0 kB/s,934 MB/s,564 MB/s,0 kB/s,5.40 kB/s,935 MB/s,0 kB/s,564 MB/s
2023-04-02 12:40:10,638 MB/s,0 kB/s,23 kB/s,487 MB/s,0 kB/s,646 MB/s,487 MB/s,0 kB/s,20.4 kB/s,647 MB/s,0 kB/s,487 MB/s
2023-04-02 12:40:20,689 MB/s,0 kB/s,67.7 kB/s,451 MB/s,0 kB/s,695 MB/s,451 MB/s,0 kB/s,296 kB/s,696 MB/s,0 kB/s,451 MB/s
2023-04-02 12:40:30,2.10 GB/s,0 kB/s,0 kB/s,1.34 GB/s,0 kB/s,2.10 GB/s,1.34 GB/s,0 kB/s,0 kB/s,2.10 GB/s,0 kB/s,1.34 GB/s
2023-04-02 12:40:40,1.16 GB/s,0 kB/s,16.8 kB/s,785 MB/s,0 kB/s,1.17 GB/s,785 MB/s,0 kB/s,15.0 kB/s,1.17 GB/s,0 kB/s,785 MB/s
2023-04-02 12:40:50,1.86 GB/s,0 kB/s,7.00 kB/s,1.19 GB/s,0 kB/s,1.87 GB/s,1.19 GB/s,0 kB/s,0 kB/s,1.87 GB/s,0 kB/s,1.19 GB/s
2023-04-02 12:41:00,2.57 GB/s,0 kB/s,0 kB/s,1.61 GB/s,0 kB/s,2.58 GB/s,1.61 GB/s,0 kB/s,0 kB/s,2.58 GB/s,0 kB/s,1.61 GB/s
2023-04-02 12:41:10,3.08 GB/s,0 kB/s,0 kB/s,1.91 GB/s,0 kB/s,3.09 GB/s,1.91 GB/s,0 kB/s,0 kB/s,3.09 GB/s,0 kB/s,1.91 GB/s
2023-04-02 12:41:20,1.99 GB/s,0 kB/s,17 kB/s,1.24 GB/s,0 kB/s,1.99 GB/s,1.24 GB/s,0 kB/s,10.8 kB/s,1.99 GB/s,0 kB/s,1.24 GB/s
2023-04-02 12:41:30,1.64 GB/s,0 kB/s,17.2 kB/s,1.06 GB/s,0 kB/s,1.64 GB/s,1.06 GB/s,0 kB/s,15 kB/s,1.65 GB/s,0 kB/s,1.06 GB/s
2023-04-02 12:41:40,629 MB/s,0 kB/s,28 kB/s,435 MB/s,0 kB/s,635 MB/s,435 MB/s,0 kB/s,20.4 kB/s,636 MB/s,0 kB/s,435 MB/s
2023-04-02 12:41:50,1.56 GB/s,0 kB/s,0 kB/s,980 MB/s,0 kB/s,1.57 GB/s,980 MB/s,0 kB/s,0 kB/s,1.57 GB/s,0 kB/s,980 MB/s
2023-04-02 12:42:00,1.60 GB/s,0 kB/s,0 kB/s,994 MB/s,0 kB/s,1.60 GB/s,994 MB/s,0 kB/s,0 kB/s,1.60 GB/s,0 kB/s,994 MB/s
2023-04-02 12:42:10,181 MB/s,0 kB/s,0 kB/s,184 MB/s,0 kB/s,188 MB/s,184 MB/s,0 kB/s,0 kB/s,189 MB/s,0 kB/s,184 MB/s
2023-04-02 12:42:20,297 MB/s,0 kB/s,62.1 kB/s,251 MB/s,0 kB/s,306 MB/s,251 MB/s,0 kB/s,295 kB/s,307 MB/s,0 kB/s,251 MB/s
2023-04-02 12:42:30,780 MB/s,0 kB/s,0 kB/s,570 MB/s,0 kB/s,789 MB/s,570 MB/s,0 kB/s,0 kB/s,790 MB/s,0 kB/s,570 MB/s
2023-04-02 12:42:40,2.05 GB/s,0 kB/s,16.8 kB/s,1.44 GB/s,0 kB/s,2.06 GB/s,1.44 GB/s,0 kB/s,15 kB/s,2.06 GB/s,0 kB/s,1.44 GB/s
2023-04-02 12:42:50,1.90 GB/s,0 kB/s,11.2 kB/s,1.11 GB/s,0 kB/s,1.91 GB/s,1.11 GB/s,0 kB/s,10.8 kB/s,1.91 GB/s,0 kB/s,1.11 GB/s
2023-04-02 12:43:00,3.14 GB/s,0 kB/s,5.60 kB/s,1.98 GB/s,0 kB/s,3.14 GB/s,1.98 GB/s,0 kB/s,5.40 kB/s,3.14 GB/s,0 kB/s,1.98 GB/s
2023-04-02 12:43:10,1.62 GB/s,0 kB/s,17.2 kB/s,1.04 GB/s,0 kB/s,1.62 GB/s,1.04 GB/s,0 kB/s,9.60 kB/s,1.63 GB/s,0 kB/s,1.04 GB/s
2023-04-02 12:43:20,2.23 GB/s,0 kB/s,0 kB/s,1.56 GB/s,0 kB/s,2.24 GB/s,1.56 GB/s,0 kB/s,0 kB/s,2.24 GB/s,0 kB/s,1.56 GB/s
2023-04-02 12:43:30,1.75 GB/s,0 kB/s,0 kB/s,1.02 GB/s,0 kB/s,1.76 GB/s,1.02 GB/s,0 kB/s,0 kB/s,1.76 GB/s,0 kB/s,1.02 GB/s
2023-04-02 12:43:40,901 MB/s,0 kB/s,16.8 kB/s,650 MB/s,0 kB/s,912 MB/s,650 MB/s,0 kB/s,15 kB/s,913 MB/s,0 kB/s,650 MB/s
2023-04-02 12:43:50,3.27 GB/s,0 kB/s,0 kB/s,2.02 GB/s,0 kB/s,3.28 GB/s,2.02 GB/s,0 kB/s,0 kB/s,3.28 GB/s,0 kB/s,2.02 GB/s
2023-04-02 12:44:00,710 MB/s,0 kB/s,11.2 kB/s,482 MB/s,0 kB/s,716 MB/s,482 MB/s,0 kB/s,5.40 kB/s,717 MB/s,0 kB/s,482 MB/s
2023-04-02 12:44:10,1.71 GB/s,0 kB/s,34.2 kB/s,1.13 GB/s,0 kB/s,1.71 GB/s,1.13 GB/s,0 kB/s,25.8 kB/s,1.72 GB/s,0 kB/s,1.13 GB/s
2023-04-02 12:44:20,2.26 GB/s,0 kB/s,62.3 kB/s,1.42 GB/s,0 kB/s,2.26 GB/s,1.42 GB/s,0 kB/s,297 kB/s,2.26 GB/s,0 kB/s,1.42 GB/s
2023-04-02 12:44:30,1.19 GB/s,0 kB/s,0 kB/s,1.07 GB/s,0 kB/s,1.20 GB/s,1.07 GB/s,0 kB/s,0 kB/s,1.20 GB/s,0 kB/s,1.07 GB/s
2023-04-02 12:44:40,2.23 GB/s,0 kB/s,34 kB/s,1.17 GB/s,0 kB/s,2.24 GB/s,1.17 GB/s,0 kB/s,30.2 kB/s,2.24 GB/s,0 kB/s,1.17 GB/s
2023-04-02 12:44:50,831 MB/s,0 kB/s,94.2 kB/s,605 MB/s,0 kB/s,844 MB/s,605 MB/s,0 kB/s,92.4 kB/s,845 MB/s,0 kB/s,605 MB/s
2023-04-02 12:45:00,2.01 GB/s,0 kB/s,71.4 kB/s,1.27 GB/s,0 kB/s,2.02 GB/s,1.27 GB/s,0 kB/s,59.8 kB/s,2.02 GB/s,0 kB/s,1.27 GB/s
2023-04-02 12:45:10,231 MB/s,0 kB/s,54.6 kB/s,256 MB/s,0 kB/s,239 MB/s,256 MB/s,0 kB/s,56.2 kB/s,240 MB/s,0 kB/s,256 MB/s
2023-04-02 12:45:20,1.96 GB/s,0 kB/s,0 kB/s,1.27 GB/s,0 kB/s,1.97 GB/s,1.27 GB/s,0 kB/s,0 kB/s,1.97 GB/s,0 kB/s,1.27 GB/s
2023-04-02 12:45:30,903 MB/s,0 kB/s,0 kB/s,645 MB/s,0 kB/s,914 MB/s,645 MB/s,0 kB/s,0 kB/s,915 MB/s,0 kB/s,645 MB/s
2023-04-02 12:45:40,1.84 GB/s,0 kB/s,22.8 kB/s,1.19 GB/s,0 kB/s,1.85 GB/s,1.19 GB/s,0 kB/s,19.2 kB/s,1.85 GB/s,0 kB/s,1.19 GB/s
2023-04-02 12:45:50,2.57 GB/s,0 kB/s,0 kB/s,1.72 GB/s,0 kB/s,2.58 GB/s,1.72 GB/s,0 kB/s,0 kB/s,2.58 GB/s,0 kB/s,1.72 GB/s
2023-04-02 12:46:00,2.68 GB/s,0 kB/s,39.2 kB/s,1.56 GB/s,0 kB/s,2.69 GB/s,1.56 GB/s,0 kB/s,37.8 kB/s,2.69 GB/s,0 kB/s,1.56 GB/s
2023-04-02 12:46:10,2.86 GB/s,0 kB/s,67.6 kB/s,1.76 GB/s,0 kB/s,2.86 GB/s,1.76 GB/s,0 kB/s,58.2 kB/s,2.86 GB/s,0 kB/s,1.76 GB/s
2023-04-02 12:46:20,1.65 GB/s,0 kB/s,113 kB/s,1.10 GB/s,0 kB/s,1.66 GB/s,1.10 GB/s,0 kB/s,344 kB/s,1.66 GB/s,0 kB/s,1.10 GB/s
2023-04-02 12:46:30,2.96 GB/s,0 kB/s,39.2 kB/s,1.86 GB/s,0 kB/s,2.96 GB/s,1.86 GB/s,0 kB/s,32.4 kB/s,2.96 GB/s,0 kB/s,1.86 GB/s
2023-04-02 12:46:40,3.52 GB/s,0 kB/s,44.8 kB/s,2.14 GB/s,0 kB/s,3.52 GB/s,2.14 GB/s,0 kB/s,42 kB/s,3.52 GB/s,0 kB/s,2.14 GB/s
2023-04-02 12:46:50,4.15 GB/s,0 kB/s,44.8 kB/s,2.89 GB/s,0 kB/s,4.16 GB/s,2.89 GB/s,0 kB/s,37.8 kB/s,4.16 GB/s,0 kB/s,2.89 GB/s
2023-04-02 12:47:00,4.13 GB/s,0 kB/s,45.2 kB/s,2.59 GB/s,0 kB/s,4.14 GB/s,2.59 GB/s,0 kB/s,36.6 kB/s,4.14 GB/s,0 kB/s,2.59 GB/s
2023-04-02 12:47:10,5.53 GB/s,0 kB/s,33.6 kB/s,3.24 GB/s,0 kB/s,5.55 GB/s,3.24 GB/s,0 kB/s,32.4 kB/s,5.55 GB/s,0 kB/s,3.24 GB/s
2023-04-02 12:47:20,3.54 GB/s,0 kB/s,11.2 kB/s,2.29 GB/s,0 kB/s,3.56 GB/s,2.29 GB/s,0 kB/s,10.8 kB/s,3.56 GB/s,0 kB/s,2.29 GB/s
2023-04-02 12:47:30,3.47 GB/s,0 kB/s,62 kB/s,2.18 GB/s,0 kB/s,3.48 GB/s,2.18 GB/s,0 kB/s,58.2 kB/s,3.48 GB/s,0 kB/s,2.18 GB/s
2023-04-02 12:47:40,5.93 GB/s,0 kB/s,50.4 kB/s,3.71 GB/s,0 kB/s,5.94 GB/s,3.71 GB/s,0 kB/s,47.4 kB/s,5.94 GB/s,0 kB/s,3.71 GB/s
2023-04-02 12:47:50,4.55 GB/s,0 kB/s,22.4 kB/s,2.89 GB/s,0 kB/s,4.57 GB/s,2.89 GB/s,0 kB/s,16.2 kB/s,4.57 GB/s,0 kB/s,2.89 GB/s
2023-04-02 12:48:00,2.08 GB/s,0 kB/s,0 kB/s,1.53 GB/s,0 kB/s,2.10 GB/s,1.53 GB/s,0 kB/s,0 kB/s,2.10 GB/s,0 kB/s,1.53 GB/s
2023-04-02 12:48:10,4.49 GB/s,0 kB/s,0 kB/s,2.74 GB/s,0 kB/s,4.51 GB/s,2.74 GB/s,0 kB/s,7 kB/s,4.51 GB/s,0 kB/s,2.74 GB/s
2023-04-02 12:48:20,4.38 GB/s,0 kB/s,56.5 kB/s,2.79 GB/s,0 kB/s,4.40 GB/s,2.79 GB/s,0 kB/s,289 kB/s,4.40 GB/s,0 kB/s,2.79 GB/s
2023-04-02 12:48:30,2.89 GB/s,0 kB/s,0 kB/s,1.98 GB/s,0 kB/s,2.91 GB/s,1.98 GB/s,0 kB/s,0 kB/s,2.91 GB/s,0 kB/s,1.98 GB/s
2023-04-02 12:48:40,3.63 GB/s,0 kB/s,16.8 kB/s,2.68 GB/s,0 kB/s,3.66 GB/s,2.68 GB/s,0 kB/s,15 kB/s,3.66 GB/s,0 kB/s,2.68 GB/s
2023-04-02 12:48:50,3.58 GB/s,0 kB/s,11.2 kB/s,2.22 GB/s,0 kB/s,3.60 GB/s,2.22 GB/s,0 kB/s,5.40 kB/s,3.60 GB/s,0 kB/s,2.22 GB/s
2023-04-02 12:49:00,6.41 GB/s,0 kB/s,11.2 kB/s,3.75 GB/s,0 kB/s,6.43 GB/s,3.75 GB/s,0 kB/s,5.40 kB/s,6.43 GB/s,0 kB/s,3.75 GB/s
2023-04-02 12:49:10,3.57 GB/s,0 kB/s,6 kB/s,2.85 GB/s,0 kB/s,3.58 GB/s,2.85 GB/s,0 kB/s,4.20 kB/s,3.58 GB/s,0 kB/s,2.85 GB/s
2023-04-02 12:49:20,5.97 GB/s,0 kB/s,0 kB/s,3.22 GB/s,0 kB/s,5.99 GB/s,3.22 GB/s,0 kB/s,0 kB/s,5.99 GB/s,0 kB/s,3.22 GB/s
2023-04-02 12:49:30,5.87 GB/s,0 kB/s,17 kB/s,3.75 GB/s,0 kB/s,5.89 GB/s,3.75 GB/s,0 kB/s,10.8 kB/s,5.89 GB/s,0 kB/s,3.75 GB/s
2023-04-02 12:49:40,6.14 GB/s,0 kB/s,28.4 kB/s,4.62 GB/s,0 kB/s,6.16 GB/s,4.62 GB/s,0 kB/s,24.6 kB/s,6.16 GB/s,0 kB/s,4.62 GB/s
2023-04-02 12:49:50,4.05 GB/s,0 kB/s,24.4 kB/s,3.95 GB/s,0 kB/s,4.07 GB/s,3.95 GB/s,0 kB/s,16.2 kB/s,4.07 GB/s,0 kB/s,3.95 GB/s
2023-04-02 12:50:00,6.50 GB/s,0 kB/s,22.4 kB/s,4.41 GB/s,0 kB/s,6.52 GB/s,4.41 GB/s,0 kB/s,10.8 kB/s,6.53 GB/s,0 kB/s,4.41 GB/s
2023-04-02 12:50:10,2.04 GB/s,0 kB/s,0 kB/s,1.71 GB/s,0 kB/s,2.06 GB/s,1.71 GB/s,0 kB/s,0 kB/s,2.06 GB/s,0 kB/s,1.71 GB/s
2023-04-02 12:50:20,451 MB/s,0 kB/s,78.9 kB/s,611 MB/s,0 kB/s,468 MB/s,611 MB/s,0 kB/s,303 kB/s,469 MB/s,0 kB/s,611 MB/s
2023-04-02 12:50:30,1.98 GB/s,0 kB/s,11.4 kB/s,2.35 GB/s,0 kB/s,2.00 GB/s,2.35 GB/s,0 kB/s,10.8 kB/s,2.00 GB/s,0 kB/s,2.35 GB/s
2023-04-02 12:50:40,4.77 GB/s,0 kB/s,56 kB/s,3.69 GB/s,0 kB/s,4.79 GB/s,3.69 GB/s,0 kB/s,54.2 kB/s,4.79 GB/s,0 kB/s,3.69 GB/s
2023-04-02 12:50:50,1.01 GB/s,0 kB/s,76.2 kB/s,1.12 GB/s,0 kB/s,1.03 GB/s,1.12 GB/s,0 kB/s,68.4 kB/s,1.03 GB/s,0 kB/s,1.12 GB/s
2023-04-02 12:51:00,3.02 GB/s,0 kB/s,0 kB/s,2.60 GB/s,0 kB/s,3.04 GB/s,2.60 GB/s,0 kB/s,0 kB/s,3.04 GB/s,0 kB/s,2.60 GB/s
2023-04-02 12:51:10,5.30 GB/s,0 kB/s,0 kB/s,3.68 GB/s,0 kB/s,5.32 GB/s,3.68 GB/s,0 kB/s,0 kB/s,5.32 GB/s,0 kB/s,3.68 GB/s
2023-04-02 12:51:20,411 MB/s,0 kB/s,0 kB/s,491 MB/s,0 kB/s,426 MB/s,491 MB/s,0 kB/s,0 kB/s,427 MB/s,0 kB/s,491 MB/s
2023-04-02 12:51:30,4.26 GB/s,0 kB/s,23 kB/s,3.65 GB/s,0 kB/s,4.28 GB/s,3.65 GB/s,0 kB/s,15 kB/s,4.28 GB/s,0 kB/s,3.65 GB/s
2023-04-02 12:51:40,4.57 GB/s,0 kB/s,33.6 kB/s,3.17 GB/s,0 kB/s,4.59 GB/s,3.17 GB/s,0 kB/s,25.8 kB/s,4.59 GB/s,0 kB/s,3.17 GB/s
2023-04-02 12:51:50,4.23 GB/s,0 kB/s,11.2 kB/s,2.89 GB/s,0 kB/s,4.25 GB/s,2.89 GB/s,0 kB/s,5.40 kB/s,4.26 GB/s,0 kB/s,2.89 GB/s
2023-04-02 12:52:00,6.69 GB/s,0 kB/s,5.80 kB/s,4.24 GB/s,0 kB/s,6.71 GB/s,4.24 GB/s,0 kB/s,5.40 kB/s,6.71 GB/s,0 kB/s,4.24 GB/s
2023-04-02 12:52:10,1.16 GB/s,0 kB/s,0 kB/s,331 MB/s,0 kB/s,1.16 GB/s,330 MB/s,0 kB/s,0 kB/s,1.16 GB/s,0 kB/s,330 MB/s
2023-04-02 12:52:20,1.01 GB/s,0 kB/s,67.9 kB/s,616 MB/s,0 kB/s,1.01 GB/s,616 MB/s,0 kB/s,299 kB/s,1.01 GB/s,0 kB/s,616 MB/s
2023-04-02 12:52:30,440 MB/s,0 kB/s,11.2 kB/s,269 MB/s,0 kB/s,440 MB/s,269 MB/s,0 kB/s,5.40 kB/s,441 MB/s,0 kB/s,269 MB/s
2023-04-02 12:52:40,507 MB/s,0 kB/s,28 kB/s,330 MB/s,0 kB/s,510 MB/s,330 MB/s,0 kB/s,20.4 kB/s,511 MB/s,0 kB/s,330 MB/s
2023-04-02 12:52:50,86.7 MB/s,0 kB/s,0 kB/s,79.0 MB/s,0 kB/s,89.6 MB/s,78.9 MB/s,0 kB/s,0 kB/s,90.6 MB/s,0 kB/s,78.9 MB/s
2023-04-02 12:53:00,82.6 MB/s,0 kB/s,0 kB/s,75.4 MB/s,0 kB/s,85.3 MB/s,75.4 MB/s,0 kB/s,0 kB/s,86.3 MB/s,0 kB/s,75.4 MB/s
2023-04-02 12:53:10,82.0 MB/s,0 kB/s,6 kB/s,73.4 MB/s,0 kB/s,84.6 MB/s,73.3 MB/s,0 kB/s,4.20 kB/s,85.6 MB/s,0 kB/s,73.3 MB/s
2023-04-02 12:53:20,509 MB/s,0 kB/s,0 kB/s,313 MB/s,0 kB/s,510 MB/s,312 MB/s,0 kB/s,0 kB/s,511 MB/s,0 kB/s,312 MB/s
2023-04-02 12:53:30,563 MB/s,0 kB/s,0 kB/s,361 MB/s,0 kB/s,566 MB/s,361 MB/s,0 kB/s,0 kB/s,567 MB/s,0 kB/s,361 MB/s
2023-04-02 12:53:40,531 MB/s,0 kB/s,22.8 kB/s,350 MB/s,0 kB/s,535 MB/s,350 MB/s,0 kB/s,19.2 kB/s,536 MB/s,0 kB/s,350 MB/s
2023-04-02 12:53:50,599 MB/s,0 kB/s,33.6 kB/s,409 MB/s,0 kB/s,604 MB/s,409 MB/s,0 kB/s,21.6 kB/s,605 MB/s,0 kB/s,409 MB/s
2023-04-02 12:54:00,556 MB/s,0 kB/s,11.2 kB/s,377 MB/s,0 kB/s,560 MB/s,377 MB/s,0 kB/s,5.40 kB/s,561 MB/s,0 kB/s,377 MB/s
2023-04-02 12:54:10,555 MB/s,0 kB/s,17.2 kB/s,359 MB/s,0 kB/s,558 MB/s,359 MB/s,0 kB/s,9.60 kB/s,559 MB/s,0 kB/s,359 MB/s
2023-04-02 12:54:20,1.55 GB/s,0 kB/s,113 kB/s,950 MB/s,0 kB/s,1.55 GB/s,950 MB/s,0 kB/s,351 kB/s,1.56 GB/s,0 kB/s,950 MB/s
2023-04-02 12:54:30,529 MB/s,0 kB/s,107 kB/s,323 MB/s,0 kB/s,529 MB/s,323 MB/s,0 kB/s,59 kB/s,530 MB/s,0 kB/s,323 MB/s
2023-04-02 12:54:40,537 MB/s,0 kB/s,22.6 kB/s,334 MB/s,0 kB/s,538 MB/s,334 MB/s,0 kB/s,23.6 kB/s,538 MB/s,0 kB/s,334 MB/s
2023-04-02 12:54:50,559 MB/s,0 kB/s,17.2 kB/s,343 MB/s,0 kB/s,559 MB/s,343 MB/s,0 kB/s,9.60 kB/s,560 MB/s,0 kB/s,343 MB/s
2023-04-02 12:55:00,533 MB/s,0 kB/s,0 kB/s,347 MB/s,0 kB/s,535 MB/s,347 MB/s,0 kB/s,0 kB/s,536 MB/s,0 kB/s,347 MB/s
2023-04-02 12:55:10,1.51 GB/s,0 kB/s,0 kB/s,925 MB/s,0 kB/s,1.51 GB/s,925 MB/s,0 kB/s,0 kB/s,1.51 GB/s,0 kB/s,925 MB/s
2023-04-02 12:55:20,496 MB/s,0 kB/s,11.4 kB/s,324 MB/s,0 kB/s,499 MB/s,324 MB/s,0 kB/s,10.8 kB/s,500 MB/s,0 kB/s,324 MB/s
2023-04-02 12:55:30,602 MB/s,0 kB/s,6 kB/s,385 MB/s,0 kB/s,604 MB/s,385 MB/s,0 kB/s,4.20 kB/s,605 MB/s,0 kB/s,385 MB/s
2023-04-02 12:55:40,92.3 MB/s,0 kB/s,22.4 kB/s,83.1 MB/s,0 kB/s,95.2 MB/s,83.0 MB/s,0 kB/s,20.4 kB/s,96.2 MB/s,0 kB/s,83.0 MB/s
2023-04-02 12:55:50,510 MB/s,0 kB/s,5.60 kB/s,323 MB/s,0 kB/s,512 MB/s,322 MB/s,0 kB/s,5.40 kB/s,513 MB/s,0 kB/s,322 MB/s
2023-04-02 12:56:00,2.65 GB/s,0 kB/s,0 kB/s,1.74 GB/s,0 kB/s,2.65 GB/s,1.74 GB/s,0 kB/s,0 kB/s,2.65 GB/s,0 kB/s,1.74 GB/s
2023-04-02 12:56:10,2.18 GB/s,0 kB/s,11.6 kB/s,2.13 GB/s,0 kB/s,2.19 GB/s,2.13 GB/s,0 kB/s,9.60 kB/s,2.19 GB/s,0 kB/s,2.13 GB/s
2023-04-02 12:56:20,1.78 GB/s,0 kB/s,81.3 kB/s,1.19 GB/s,0 kB/s,1.79 GB/s,1.19 GB/s,0 kB/s,424 kB/s,1.79 GB/s,0 kB/s,1.19 GB/s
2023-04-02 12:56:30,299 MB/s,0 kB/s,0 kB/s,945 MB/s,0 kB/s,308 MB/s,945 MB/s,0 kB/s,0 kB/s,309 MB/s,0 kB/s,945 MB/s
2023-04-02 12:56:40,183 MB/s,0 kB/s,16.8 kB/s,311 MB/s,0 kB/s,191 MB/s,311 MB/s,0 kB/s,15 kB/s,192 MB/s,0 kB/s,311 MB/s
2023-04-02 12:56:50,1.29 GB/s,0 kB/s,5.60 kB/s,730 MB/s,0 kB/s,1.30 GB/s,730 MB/s,0 kB/s,5.40 kB/s,1.30 GB/s,0 kB/s,730 MB/s
2023-04-02 12:57:00,1.66 GB/s,0 kB/s,6 kB/s,2.30 GB/s,0 kB/s,1.68 GB/s,2.30 GB/s,0 kB/s,4.20 kB/s,1.68 GB/s,0 kB/s,2.30 GB/s
2023-04-02 12:57:10,768 MB/s,0 kB/s,0 kB/s,678 MB/s,0 kB/s,778 MB/s,678 MB/s,0 kB/s,0 kB/s,778 MB/s,0 kB/s,678 MB/s
2023-04-02 12:57:20,205 MB/s,0 kB/s,60.2 kB/s,904 MB/s,0 kB/s,212 MB/s,904 MB/s,0 kB/s,48.6 kB/s,213 MB/s,0 kB/s,904 MB/s
2023-04-02 12:57:30,672 MB/s,0 kB/s,17.8 kB/s,723 MB/s,0 kB/s,690 MB/s,723 MB/s,0 kB/s,13.8 kB/s,691 MB/s,0 kB/s,723 MB/s
2023-04-02 12:57:40,2.43 GB/s,0 kB/s,46.8 kB/s,1.33 GB/s,0 kB/s,2.44 GB/s,1.33 GB/s,0 kB/s,36.6 kB/s,2.44 GB/s,0 kB/s,1.33 GB/s
2023-04-02 12:57:50,746 MB/s,0 kB/s,0 kB/s,536 MB/s,0 kB/s,753 MB/s,536 MB/s,0 kB/s,0 kB/s,754 MB/s,0 kB/s,536 MB/s
2023-04-02 12:58:00,1.94 GB/s,0 kB/s,6.80 kB/s,1.33 GB/s,0 kB/s,1.95 GB/s,1.33 GB/s,0 kB/s,9.60 kB/s,1.94 GB/s,0 kB/s,1.33 GB/s
2023-04-02 12:58:10,2.31 GB/s,0 kB/s,50.8 kB/s,1.68 GB/s,0 kB/s,2.32 GB/s,1.68 GB/s,0 kB/s,48.8 kB/s,2.33 GB/s,0 kB/s,1.68 GB/s
2023-04-02 12:58:20,2.71 GB/s,0 kB/s,115 kB/s,1.82 GB/s,0 kB/s,2.73 GB/s,1.82 GB/s,0 kB/s,346 kB/s,2.73 GB/s,0 kB/s,1.82 GB/s
2023-04-02 12:58:30,2.93 GB/s,0 kB/s,0 kB/s,1.56 GB/s,0 kB/s,2.94 GB/s,1.56 GB/s,0 kB/s,0 kB/s,2.94 GB/s,0 kB/s,1.56 GB/s
2023-04-02 12:58:40,2.16 GB/s,0 kB/s,11.2 kB/s,1.69 GB/s,0 kB/s,2.17 GB/s,1.69 GB/s,0 kB/s,5.40 kB/s,2.17 GB/s,0 kB/s,1.69 GB/s
2023-04-02 12:58:50,2.12 GB/s,0 kB/s,5.60 kB/s,1.16 GB/s,0 kB/s,2.13 GB/s,1.16 GB/s,0 kB/s,5.40 kB/s,2.13 GB/s,0 kB/s,1.16 GB/s
2023-04-02 12:59:00,2.70 GB/s,0 kB/s,17 kB/s,2.01 GB/s,0 kB/s,2.71 GB/s,2.01 GB/s,0 kB/s,10.8 kB/s,2.71 GB/s,0 kB/s,2.01 GB/s
2023-04-02 12:59:10,3.14 GB/s,0 kB/s,5.60 kB/s,1.70 GB/s,0 kB/s,3.15 GB/s,1.70 GB/s,0 kB/s,5.40 kB/s,3.15 GB/s,0 kB/s,1.70 GB/s
2023-04-02 12:59:20,3.97 GB/s,0 kB/s,6 kB/s,2.45 GB/s,0 kB/s,3.98 GB/s,2.45 GB/s,0 kB/s,4.20 kB/s,3.98 GB/s,0 kB/s,2.45 GB/s
2023-04-02 12:59:30,2.99 GB/s,0 kB/s,0 kB/s,1.91 GB/s,0 kB/s,3.00 GB/s,1.91 GB/s,0 kB/s,0 kB/s,3.00 GB/s,0 kB/s,1.91 GB/s
2023-04-02 12:59:40,3.49 GB/s,0 kB/s,23.9 kB/s,2.26 GB/s,0 kB/s,3.51 GB/s,2.26 GB/s,0 kB/s,20.3 kB/s,3.51 GB/s,0 kB/s,2.26 GB/s
2023-04-02 12:59:50,2.64 GB/s,0 kB/s,0 kB/s,1.70 GB/s,0 kB/s,2.65 GB/s,1.70 GB/s,0 kB/s,0 kB/s,2.65 GB/s,0 kB/s,1.70 GB/s
2023-04-02 13:00:00,3.52 GB/s,0 kB/s,0 kB/s,2.17 GB/s,0 kB/s,3.53 GB/s,2.17 GB/s,0 kB/s,0 kB/s,3.53 GB/s,0 kB/s,2.17 GB/s
2023-04-02 13:00:10,1.55 GB/s,0 kB/s,5.80 kB/s,961 MB/s,0 kB/s,1.55 GB/s,960 MB/s,0 kB/s,5.40 kB/s,1.55 GB/s,0 kB/s,960 MB/s
2023-04-02 13:00:20,487 MB/s,0 kB/s,62.5 kB/s,318 MB/s,0 kB/s,489 MB/s,318 MB/s,0 kB/s,292 kB/s,490 MB/s,0 kB/s,318 MB/s
2023-04-02 13:00:30,653 MB/s,0 kB/s,11.2 kB/s,462 MB/s,0 kB/s,659 MB/s,462 MB/s,0 kB/s,5.40 kB/s,660 MB/s,0 kB/s,462 MB/s
2023-04-02 13:00:40,1.60 GB/s,0 kB/s,22.4 kB/s,998 MB/s,0 kB/s,1.61 GB/s,998 MB/s,0 kB/s,10.8 kB/s,1.61 GB/s,0 kB/s,998 MB/s
2023-04-02 13:00:50,945 MB/s,0 kB/s,13.8 kB/s,623 MB/s,0 kB/s,948 MB/s,623 MB/s,0 kB/s,16.4 kB/s,949 MB/s,0 kB/s,623 MB/s
2023-04-02 13:01:00,325 MB/s,0 kB/s,16.8 kB/s,263 MB/s,0 kB/s,335 MB/s,263 MB/s,0 kB/s,10.8 kB/s,336 MB/s,0 kB/s,263 MB/s
2023-04-02 13:01:10,985 MB/s,0 kB/s,11.2 kB/s,608 MB/s,0 kB/s,986 MB/s,608 MB/s,0 kB/s,5.40 kB/s,987 MB/s,0 kB/s,608 MB/s
2023-04-02 13:01:20,538 MB/s,0 kB/s,7.40 kB/s,359 MB/s,0 kB/s,540 MB/s,359 MB/s,0 kB/s,5.40 kB/s,541 MB/s,0 kB/s,359 MB/s
2023-04-02 13:01:30,42.0 MB/s,0 kB/s,11.6 kB/s,18.5 MB/s,0 kB/s,42.9 MB/s,18.4 MB/s,0 kB/s,9.60 kB/s,43.8 MB/s,0 kB/s,18.4 MB/s
2023-04-02 13:01:40,458 MB/s,0 kB/s,0 kB/s,281 MB/s,0 kB/s,458 MB/s,281 MB/s,0 kB/s,0 kB/s,459 MB/s,0 kB/s,281 MB/s
2023-04-02 13:01:50,434 MB/s,0 kB/s,0 kB/s,266 MB/s,0 kB/s,435 MB/s,266 MB/s,0 kB/s,0 kB/s,435 MB/s,0 kB/s,266 MB/s
2023-04-02 13:02:00,887 kB/s,0 kB/s,5.80 kB/s,673 kB/s,0 kB/s,902 kB/s,618 kB/s,0 kB/s,5.40 kB/s,1.85 MB/s,0 kB/s,618 kB/s
2023-04-02 13:02:10,41.8 MB/s,0 kB/s,11.2 kB/s,59.1 MB/s,0 kB/s,43.8 MB/s,59.0 MB/s,0 kB/s,5.40 kB/s,44.8 MB/s,0 kB/s,59.0 MB/s
2023-04-02 13:02:20,37.9 MB/s,0 kB/s,62.1 kB/s,13.5 MB/s,0 kB/s,38.5 MB/s,13.4 MB/s,0 kB/s,297 kB/s,39.5 MB/s,0 kB/s,13.4 MB/s
2023-04-02 13:02:30,51.0 MB/s,0 kB/s,0 kB/s,45.5 MB/s,0 kB/s,52.5 MB/s,45.4 MB/s,0 kB/s,0 kB/s,53.5 MB/s,0 kB/s,45.4 MB/s
2023-04-02 13:02:40,466 MB/s,0 kB/s,15.4 kB/s,310 MB/s,0 kB/s,468 MB/s,310 MB/s,0 kB/s,15.2 kB/s,469 MB/s,0 kB/s,310 MB/s
2023-04-02 13:02:50,527 MB/s,0 kB/s,88.2 kB/s,318 MB/s,0 kB/s,529 MB/s,318 MB/s,0 kB/s,88.2 kB/s,530 MB/s,0 kB/s,318 MB/s
2023-04-02 13:03:00,580 MB/s,0 kB/s,0 kB/s,369 MB/s,0 kB/s,582 MB/s,369 MB/s,0 kB/s,0 kB/s,583 MB/s,0 kB/s,369 MB/s
2023-04-02 13:03:10,6.56 MB/s,0 kB/s,0 kB/s,20.0 MB/s,0 kB/s,6.88 MB/s,19.9 MB/s,0 kB/s,0 kB/s,7.82 MB/s,0 kB/s,19.9 MB/s
2023-04-02 13:03:20,606 MB/s,0 kB/s,5.60 kB/s,375 MB/s,0 kB/s,608 MB/s,374 MB/s,0 kB/s,5.40 kB/s,609 MB/s,0 kB/s,374 MB/s
2023-04-02 13:03:30,536 MB/s,0 kB/s,6 kB/s,328 MB/s,0 kB/s,536 MB/s,328 MB/s,0 kB/s,4.20 kB/s,537 MB/s,0 kB/s,328 MB/s
2023-04-02 13:03:40,26.4 MB/s,0 kB/s,5.60 kB/s,24.4 MB/s,0 kB/s,27.3 MB/s,24.3 MB/s,0 kB/s,5.40 kB/s,28.3 MB/s,0 kB/s,24.3 MB/s
2023-04-02 13:03:50,478 MB/s,0 kB/s,11.2 kB/s,293 MB/s,0 kB/s,479 MB/s,293 MB/s,0 kB/s,5.40 kB/s,479 MB/s,0 kB/s,293 MB/s
2023-04-02 13:04:00,15.7 MB/s,0 kB/s,0 kB/s,22.7 MB/s,0 kB/s,16.4 MB/s,22.7 MB/s,0 kB/s,0 kB/s,17.3 MB/s,0 kB/s,22.7 MB/s
2023-04-02 13:04:10,926 MB/s,0 kB/s,16.8 kB/s,568 MB/s,0 kB/s,927 MB/s,568 MB/s,0 kB/s,10.8 kB/s,928 MB/s,0 kB/s,568 MB/s
2023-04-02 13:04:20,1.45 GB/s,0 kB/s,62.1 kB/s,897 MB/s,0 kB/s,1.45 GB/s,897 MB/s,0 kB/s,295 kB/s,1.45 GB/s,0 kB/s,897 MB/s
2023-04-02 13:04:30,1.42 GB/s,0 kB/s,17 kB/s,876 MB/s,0 kB/s,1.42 GB/s,876 MB/s,0 kB/s,10.4 kB/s,1.42 GB/s,0 kB/s,876 MB/s
2023-04-02 13:04:40,1.02 GB/s,0 kB/s,5.60 kB/s,658 MB/s,0 kB/s,1.03 GB/s,658 MB/s,0 kB/s,5.40 kB/s,1.03 GB/s,0 kB/s,658 MB/s
2023-04-02 13:04:50,1.39 GB/s,0 kB/s,0 kB/s,876 MB/s,0 kB/s,1.39 GB/s,876 MB/s,0 kB/s,0 kB/s,1.39 GB/s,0 kB/s,876 MB/s
2023-04-02 13:05:00,1.06 GB/s,0 kB/s,0 kB/s,647 MB/s,0 kB/s,1.06 GB/s,647 MB/s,0 kB/s,0 kB/s,1.06 GB/s,0 kB/s,647 MB/s
2023-04-02 13:05:10,2.41 GB/s,0 kB/s,5.80 kB/s,1.59 GB/s,0 kB/s,2.41 GB/s,1.59 GB/s,0 kB/s,5.40 kB/s,2.42 GB/s,0 kB/s,1.59 GB/s
2023-04-02 13:05:20,2.26 GB/s,0 kB/s,6 kB/s,1.30 GB/s,0 kB/s,2.26 GB/s,1.30 GB/s,0 kB/s,4.20 kB/s,2.26 GB/s,0 kB/s,1.30 GB/s
2023-04-02 13:05:30,2.57 GB/s,0 kB/s,0 kB/s,1.87 GB/s,0 kB/s,2.58 GB/s,1.87 GB/s,0 kB/s,0 kB/s,2.58 GB/s,0 kB/s,1.87 GB/s
2023-04-02 13:05:40,1.89 GB/s,0 kB/s,22.4 kB/s,910 MB/s,0 kB/s,1.89 GB/s,910 MB/s,0 kB/s,10.8 kB/s,1.90 GB/s,0 kB/s,910 MB/s
2023-04-02 13:05:50,2.60 GB/s,0 kB/s,37.6 kB/s,1.65 GB/s,0 kB/s,2.61 GB/s,1.65 GB/s,0 kB/s,32.4 kB/s,2.61 GB/s,0 kB/s,1.65 GB/s
2023-04-02 13:06:00,665 MB/s,0 kB/s,0 kB/s,464 MB/s,0 kB/s,671 MB/s,464 MB/s,0 kB/s,0 kB/s,672 MB/s,0 kB/s,464 MB/s
2023-04-02 13:06:10,2.07 GB/s,0 kB/s,5.80 kB/s,1.30 GB/s,0 kB/s,2.07 GB/s,1.30 GB/s,0 kB/s,5.40 kB/s,2.07 GB/s,0 kB/s,1.30 GB/s
2023-04-02 13:06:20,2.09 GB/s,0 kB/s,56.5 kB/s,1.55 GB/s,0 kB/s,2.10 GB/s,1.55 GB/s,0 kB/s,292 kB/s,2.10 GB/s,0 kB/s,1.55 GB/s
2023-04-02 13:06:30,2.20 GB/s,0 kB/s,0 kB/s,1.17 GB/s,0 kB/s,2.21 GB/s,1.17 GB/s,0 kB/s,0 kB/s,2.21 GB/s,0 kB/s,1.17 GB/s
2023-04-02 13:06:40,3.05 GB/s,0 kB/s,0 kB/s,1.92 GB/s,0 kB/s,3.06 GB/s,1.92 GB/s,0 kB/s,0 kB/s,3.06 GB/s,0 kB/s,1.92 GB/s
2023-04-02 13:06:50,2.68 GB/s,0 kB/s,22.8 kB/s,1.68 GB/s,0 kB/s,2.69 GB/s,1.68 GB/s,0 kB/s,15 kB/s,2.69 GB/s,0 kB/s,1.68 GB/s
2023-04-02 13:07:00,2.10 GB/s,0 kB/s,0 kB/s,1.39 GB/s,0 kB/s,2.11 GB/s,1.39 GB/s,0 kB/s,0 kB/s,2.11 GB/s,0 kB/s,1.39 GB/s
2023-04-02 13:07:10,1.28 GB/s,0 kB/s,0 kB/s,849 MB/s,0 kB/s,1.29 GB/s,849 MB/s,0 kB/s,0 kB/s,1.29 GB/s,0 kB/s,849 MB/s
2023-04-02 13:07:20,2.26 GB/s,0 kB/s,0 kB/s,1.69 GB/s,0 kB/s,2.27 GB/s,1.69 GB/s,0 kB/s,0 kB/s,2.27 GB/s,0 kB/s,1.69 GB/s
2023-04-02 13:07:30,1.64 GB/s,0 kB/s,10.3 kB/s,874 MB/s,0 kB/s,1.65 GB/s,874 MB/s,0 kB/s,0 kB/s,1.65 GB/s,0 kB/s,874 MB/s
2023-04-02 13:07:40,3.97 GB/s,0 kB/s,6.60 kB/s,2.44 GB/s,0 kB/s,3.98 GB/s,2.44 GB/s,0 kB/s,5.40 kB/s,3.98 GB/s,0 kB/s,2.44 GB/s
2023-04-02 13:07:50,2.61 GB/s,0 kB/s,19.2 kB/s,1.66 GB/s,0 kB/s,2.62 GB/s,1.66 GB/s,0 kB/s,15 kB/s,2.62 GB/s,0 kB/s,1.66 GB/s
2023-04-02 13:08:00,3.27 GB/s,0 kB/s,0 kB/s,2.33 GB/s,0 kB/s,3.28 GB/s,2.33 GB/s,0 kB/s,0 kB/s,3.28 GB/s,0 kB/s,2.33 GB/s
2023-04-02 13:08:10,3.34 GB/s,0 kB/s,5.60 kB/s,1.88 GB/s,0 kB/s,3.35 GB/s,1.88 GB/s,0 kB/s,5.40 kB/s,3.35 GB/s,0 kB/s,1.88 GB/s
2023-04-02 13:08:20,3.65 GB/s,0 kB/s,56.5 kB/s,2.30 GB/s,0 kB/s,3.67 GB/s,2.30 GB/s,0 kB/s,295 kB/s,3.67 GB/s,0 kB/s,2.30 GB/s
2023-04-02 13:08:30,2.46 GB/s,0 kB/s,0 kB/s,1.52 GB/s,0 kB/s,2.46 GB/s,1.52 GB/s,0 kB/s,0 kB/s,2.46 GB/s,0 kB/s,1.52 GB/s
2023-04-02 13:08:40,3.69 GB/s,0 kB/s,0 kB/s,2.32 GB/s,0 kB/s,3.70 GB/s,2.32 GB/s,0 kB/s,0 kB/s,3.70 GB/s,0 kB/s,2.32 GB/s
2023-04-02 13:08:50,1.74 GB/s,0 kB/s,0 kB/s,1.12 GB/s,0 kB/s,1.75 GB/s,1.12 GB/s,0 kB/s,0 kB/s,1.75 GB/s,0 kB/s,1.12 GB/s
2023-04-02 13:09:00,3.04 GB/s,0 kB/s,34 kB/s,1.88 GB/s,0 kB/s,3.04 GB/s,1.88 GB/s,0 kB/s,20.4 kB/s,3.04 GB/s,0 kB/s,1.88 GB/s
2023-04-02 13:09:10,2.26 GB/s,0 kB/s,0 kB/s,1.45 GB/s,0 kB/s,2.27 GB/s,1.45 GB/s,0 kB/s,0 kB/s,2.27 GB/s,0 kB/s,1.45 GB/s
2023-04-02 13:09:20,2.21 GB/s,0 kB/s,11.2 kB/s,1.44 GB/s,0 kB/s,2.22 GB/s,1.44 GB/s,0 kB/s,5.40 kB/s,2.22 GB/s,0 kB/s,1.44 GB/s
2023-04-02 13:09:30,1.79 GB/s,0 kB/s,0 kB/s,1.12 GB/s,0 kB/s,1.80 GB/s,1.12 GB/s,0 kB/s,0 kB/s,1.80 GB/s,0 kB/s,1.12 GB/s
2023-04-02 13:09:40,4.14 GB/s,0 kB/s,0 kB/s,2.60 GB/s,0 kB/s,4.15 GB/s,2.60 GB/s,0 kB/s,0 kB/s,4.15 GB/s,0 kB/s,2.60 GB/s
2023-04-02 13:09:50,679 MB/s,0 kB/s,25.7 kB/s,550 MB/s,0 kB/s,688 MB/s,550 MB/s,0 kB/s,26.5 kB/s,689 MB/s,0 kB/s,550 MB/s
2023-04-02 13:10:00,1.39 GB/s,0 kB/s,11.2 kB/s,941 MB/s,0 kB/s,1.40 GB/s,941 MB/s,0 kB/s,5.40 kB/s,1.40 GB/s,0 kB/s,941 MB/s
2023-04-02 13:10:10,3.76 GB/s,0 kB/s,0 kB/s,2.33 GB/s,0 kB/s,3.77 GB/s,2.33 GB/s,0 kB/s,0 kB/s,3.77 GB/s,0 kB/s,2.33 GB/s
2023-04-02 13:10:20,2.74 GB/s,0 kB/s,67.7 kB/s,1.78 GB/s,0 kB/s,2.75 GB/s,1.78 GB/s,0 kB/s,295 kB/s,2.75 GB/s,0 kB/s,1.78 GB/s
2023-04-02 13:10:30,3.38 GB/s,0 kB/s,0 kB/s,2.30 GB/s,0 kB/s,3.39 GB/s,2.30 GB/s,0 kB/s,0 kB/s,3.39 GB/s,0 kB/s,2.30 GB/s
2023-04-02 13:10:40,686 MB/s,0 kB/s,22.8 kB/s,336 MB/s,0 kB/s,698 MB/s,336 MB/s,0 kB/s,10.8 kB/s,699 MB/s,0 kB/s,336 MB/s
2023-04-02 13:10:50,1.75 GB/s,0 kB/s,13.2 kB/s,1.18 GB/s,0 kB/s,1.76 GB/s,1.18 GB/s,0 kB/s,10.8 kB/s,1.76 GB/s,0 kB/s,1.18 GB/s
2023-04-02 13:11:00,1.78 GB/s,0 kB/s,0 kB/s,1.15 GB/s,0 kB/s,1.79 GB/s,1.15 GB/s,0 kB/s,0 kB/s,1.79 GB/s,0 kB/s,1.15 GB/s
2023-04-02 13:11:10,1.26 GB/s,0 kB/s,24.6 kB/s,844 MB/s,0 kB/s,1.27 GB/s,844 MB/s,0 kB/s,20.4 kB/s,1.27 GB/s,0 kB/s,844 MB/s
2023-04-02 13:11:20,1.17 GB/s,0 kB/s,22.4 kB/s,808 MB/s,0 kB/s,1.18 GB/s,808 MB/s,0 kB/s,10.8 kB/s,1.18 GB/s,0 kB/s,808 MB/s
2023-04-02 13:11:30,1.59 GB/s,0 kB/s,33.5 kB/s,974 MB/s,0 kB/s,1.59 GB/s,974 MB/s,0 kB/s,33.1 kB/s,1.60 GB/s,0 kB/s,974 MB/s
2023-04-02 13:11:40,2.00 GB/s,0 kB/s,7.40 kB/s,1.26 GB/s,0 kB/s,2.01 GB/s,1.26 GB/s,0 kB/s,5.40 kB/s,2.01 GB/s,0 kB/s,1.26 GB/s
2023-04-02 13:11:50,462 MB/s,0 kB/s,0 kB/s,282 MB/s,0 kB/s,462 MB/s,282 MB/s,0 kB/s,0 kB/s,463 MB/s,0 kB/s,282 MB/s
2023-04-02 13:12:00,1.27 GB/s,0 kB/s,0 kB/s,862 MB/s,0 kB/s,1.28 GB/s,862 MB/s,0 kB/s,0 kB/s,1.28 GB/s,0 kB/s,862 MB/s
2023-04-02 13:12:10,1.57 GB/s,0 kB/s,28.4 kB/s,981 MB/s,0 kB/s,1.57 GB/s,981 MB/s,0 kB/s,20.4 kB/s,1.58 GB/s,0 kB/s,981 MB/s
2023-04-02 13:12:20,1.33 GB/s,0 kB/s,82.3 kB/s,1.17 GB/s,0 kB/s,1.34 GB/s,1.17 GB/s,0 kB/s,312 kB/s,1.34 GB/s,0 kB/s,1.17 GB/s
2023-04-02 13:12:30,1.63 GB/s,0 kB/s,41.2 kB/s,770 MB/s,0 kB/s,1.64 GB/s,770 MB/s,0 kB/s,27 kB/s,1.64 GB/s,0 kB/s,770 MB/s
2023-04-02 13:12:40,770 MB/s,0 kB/s,17 kB/s,564 MB/s,0 kB/s,779 MB/s,564 MB/s,0 kB/s,10.8 kB/s,780 MB/s,0 kB/s,564 MB/s
2023-04-02 13:12:50,2.59 GB/s,0 kB/s,0 kB/s,1.91 GB/s,0 kB/s,2.60 GB/s,1.91 GB/s,0 kB/s,0 kB/s,2.60 GB/s,0 kB/s,1.91 GB/s
2023-04-02 13:13:00,1.64 GB/s,0 kB/s,0 kB/s,731 MB/s,0 kB/s,1.64 GB/s,731 MB/s,0 kB/s,0 kB/s,1.64 GB/s,0 kB/s,731 MB/s
2023-04-02 13:13:10,1.65 GB/s,0 kB/s,0 kB/s,1.09 GB/s,0 kB/s,1.66 GB/s,1.09 GB/s,0 kB/s,0 kB/s,1.66 GB/s,0 kB/s,1.09 GB/s
2023-04-02 13:13:20,2.01 GB/s,0 kB/s,5.60 kB/s,1.32 GB/s,0 kB/s,2.02 GB/s,1.32 GB/s,0 kB/s,5.40 kB/s,2.02 GB/s,0 kB/s,1.32 GB/s
2023-04-02 13:13:30,2.62 GB/s,0 kB/s,11.8 kB/s,1.55 GB/s,0 kB/s,2.63 GB/s,1.55 GB/s,0 kB/s,9.60 kB/s,2.63 GB/s,0 kB/s,1.55 GB/s
2023-04-02 13:13:40,1.65 GB/s,0 kB/s,11.4 kB/s,1.11 GB/s,0 kB/s,1.66 GB/s,1.11 GB/s,0 kB/s,10.8 kB/s,1.67 GB/s,0 kB/s,1.11 GB/s
2023-04-02 13:13:50,1.12 GB/s,0 kB/s,0 kB/s,719 MB/s,0 kB/s,1.12 GB/s,719 MB/s,0 kB/s,0 kB/s,1.12 GB/s,0 kB/s,719 MB/s
2023-04-02 13:14:00,1.85 GB/s,0 kB/s,0 kB/s,1.21 GB/s,0 kB/s,1.86 GB/s,1.21 GB/s,0 kB/s,0 kB/s,1.86 GB/s,0 kB/s,1.21 GB/s
2023-04-02 13:14:10,1.42 GB/s,0 kB/s,11.2 kB/s,1.01 GB/s,0 kB/s,1.43 GB/s,1.01 GB/s,0 kB/s,5.40 kB/s,1.43 GB/s,0 kB/s,1.01 GB/s
2023-04-02 13:14:20,2.40 GB/s,0 kB/s,73.7 kB/s,1.46 GB/s,0 kB/s,2.41 GB/s,1.46 GB/s,0 kB/s,302 kB/s,2.41 GB/s,0 kB/s,1.46 GB/s
2023-04-02 13:14:30,4.60 GB/s,0 kB/s,0 kB/s,2.85 GB/s,0 kB/s,4.61 GB/s,2.85 GB/s,0 kB/s,0 kB/s,4.61 GB/s,0 kB/s,2.85 GB/s
2023-04-02 13:14:40,3.32 GB/s,0 kB/s,0 kB/s,2.12 GB/s,0 kB/s,3.33 GB/s,2.12 GB/s,0 kB/s,0 kB/s,3.33 GB/s,0 kB/s,2.12 GB/s
2023-04-02 13:14:50,1.89 GB/s,0 kB/s,124 kB/s,1.27 GB/s,0 kB/s,1.90 GB/s,1.27 GB/s,0 kB/s,69.8 kB/s,1.90 GB/s,0 kB/s,1.27 GB/s
2023-04-02 13:15:00,1.78 GB/s,0 kB/s,28 kB/s,1.20 GB/s,0 kB/s,1.80 GB/s,1.20 GB/s,0 kB/s,16.2 kB/s,1.80 GB/s,0 kB/s,1.20 GB/s
2023-04-02 13:15:10,1.76 GB/s,0 kB/s,6 kB/s,1.18 GB/s,0 kB/s,1.77 GB/s,1.18 GB/s,0 kB/s,4.20 kB/s,1.77 GB/s,0 kB/s,1.18 GB/s
2023-04-02 13:15:20,3.60 GB/s,0 kB/s,5.60 kB/s,2.25 GB/s,0 kB/s,3.62 GB/s,2.25 GB/s,0 kB/s,5.40 kB/s,3.62 GB/s,0 kB/s,2.25 GB/s
2023-04-02 13:15:30,3.73 GB/s,0 kB/s,0 kB/s,2.31 GB/s,0 kB/s,3.74 GB/s,2.31 GB/s,0 kB/s,0 kB/s,3.74 GB/s,0 kB/s,2.31 GB/s
2023-04-02 13:15:40,5.00 GB/s,0 kB/s,2.07 MB/s,3.08 GB/s,60 kB/s,5.00 GB/s,3.08 GB/s,0 kB/s,653 kB/s,5.00 GB/s,60 kB/s,3.08 GB/s
2023-04-02 13:15:50,2.67 GB/s,0 kB/s,0 kB/s,1.75 GB/s,0 kB/s,2.69 GB/s,1.75 GB/s,0 kB/s,0 kB/s,2.69 GB/s,0 kB/s,1.75 GB/s
2023-04-02 13:16:00,3.34 GB/s,0 kB/s,0 kB/s,2.10 GB/s,0 kB/s,3.35 GB/s,2.10 GB/s,0 kB/s,0 kB/s,3.35 GB/s,0 kB/s,2.10 GB/s
2023-04-02 13:16:10,2.68 GB/s,0 kB/s,5.60 kB/s,1.68 GB/s,0 kB/s,2.68 GB/s,1.68 GB/s,0 kB/s,5.40 kB/s,2.68 GB/s,0 kB/s,1.68 GB/s
2023-04-02 13:16:20,3.60 GB/s,0 kB/s,31.4 kB/s,2.30 GB/s,0 kB/s,3.61 GB/s,2.30 GB/s,0 kB/s,296 kB/s,3.61 GB/s,0 kB/s,2.30 GB/s
2023-04-02 13:16:30,4.06 GB/s,0 kB/s,42.1 kB/s,2.49 GB/s,0 kB/s,4.06 GB/s,2.49 GB/s,0 kB/s,28.2 kB/s,4.06 GB/s,0 kB/s,2.49 GB/s
2023-04-02 13:16:40,2.93 GB/s,0 kB/s,99.4 kB/s,2.15 GB/s,0 kB/s,2.93 GB/s,2.15 GB/s,0 kB/s,93.6 kB/s,2.93 GB/s,0 kB/s,2.15 GB/s
2023-04-02 13:16:50,4.05 GB/s,0 kB/s,15.6 kB/s,2.22 GB/s,0 kB/s,4.05 GB/s,2.22 GB/s,0 kB/s,15.2 kB/s,4.06 GB/s,0 kB/s,2.22 GB/s
2023-04-02 13:17:00,408 MB/s,0 kB/s,22.6 kB/s,369 MB/s,0 kB/s,421 MB/s,369 MB/s,0 kB/s,16.2 kB/s,422 MB/s,0 kB/s,369 MB/s
2023-04-02 13:17:10,3.16 GB/s,0 kB/s,0 kB/s,2.02 GB/s,0 kB/s,3.17 GB/s,2.02 GB/s,0 kB/s,0 kB/s,3.17 GB/s,0 kB/s,2.02 GB/s
2023-04-02 13:17:20,2.32 GB/s,0 kB/s,0 kB/s,1.54 GB/s,0 kB/s,2.34 GB/s,1.54 GB/s,0 kB/s,0 kB/s,2.34 GB/s,0 kB/s,1.54 GB/s
2023-04-02 13:17:30,3.73 GB/s,0 kB/s,0 kB/s,2.36 GB/s,0 kB/s,3.75 GB/s,2.36 GB/s,0 kB/s,0 kB/s,3.75 GB/s,0 kB/s,2.36 GB/s
2023-04-02 13:17:40,5.43 GB/s,0 kB/s,0 kB/s,3.51 GB/s,0 kB/s,5.45 GB/s,3.51 GB/s,0 kB/s,0 kB/s,5.45 GB/s,0 kB/s,3.51 GB/s
2023-04-02 13:17:50,959 MB/s,0 kB/s,0 kB/s,907 MB/s,0 kB/s,977 MB/s,906 MB/s,0 kB/s,0 kB/s,978 MB/s,0 kB/s,906 MB/s
2023-04-02 13:18:00,721 MB/s,0 kB/s,13.9 kB/s,989 MB/s,0 kB/s,731 MB/s,989 MB/s,0 kB/s,14.9 kB/s,732 MB/s,0 kB/s,989 MB/s
2023-04-02 13:18:10,1.30 GB/s,0 kB/s,23.3 kB/s,1.27 GB/s,0 kB/s,1.31 GB/s,1.27 GB/s,0 kB/s,20.3 kB/s,1.31 GB/s,0 kB/s,1.27 GB/s

